slug,title_en,title_ru,recovery_status,set_slugs
10-cell-flashlight,10-Cell Flashlight,Фонарь на 10 батареек,full_page,the-clown-wars
1000-gold-pieces,"1,000 Gold Pieces",1000 голдов,full_page,munchkin
1001-arabian-knights,"1,001 Arabian Knights",1001 арабский сын,full_page,munchkin-knights
13-breed,1/3-Breed,Три В Одном,full_page,cheat-with-both-hands
15-year-supply-of-beer-and-toilet-paper,15-Year Supply of Beer and Toilet Paper,Запас пива и туалетной бумаги на 15 лет,full_page,apocalypse|munchkin-apocalypse
2-×-4,2 × 4,Доска,full_page,armed-and-dangerous
357-magnum,.357 Magnum,357-й магнум,full_page,apocalypse|munchkin-apocalypse
3872-dorks,"3,872 Dorks",3.872 придорка,full_page,munchkin-zombies
3872-orcs,"3,872 Orcs",3872 орка,full_page,munchkin
45-caliber-epaulets,.45-Caliber Epaulets,Эполеты 45-го калибра,set_listing_only,munchkin-steampunk
5-to-sexterity,+5 to Sexterity /,,full_page,munchkin-the-guild
50-cal,.50-Cal,Эхкалиб(у)р,full_page,apocalypse|munchkin-apocalypse
50-caliber-tulip,.50 Caliber Tulip,"Пестик ""Тюльпан"" 50-го калибра",full_page,munchkin-booty
9mm-pistol,9mm Pistol,Девятимиллиметровый пистолет,full_page,sheep-impact
a-cute-angel,A Cute Angel,Косой ангел,full_page,half-horse-will-travel
a-drone-of-your-own,A Drone of Your Own,Дрон боевой,full_page,apocalypse|munchkin-apocalypse
a-matic,...A-Matic,Автоматический,full_page,the-need-for-steed
a-mite-bewildered,A Mite Bewildered /,,full_page,the-good-the-bad-and-the-munchkin
a-tyrannotillion-dollars,A Tyrannotillion Dollars /,,full_page,axe-cop|munchkin-axe-cop
a-word-in-stygia,A Word In Stygia /,,full_page,munchkin-conan
abomination,Abomination,Мразота,full_page,apocalypse|munchkin-apocalypse
abra-cadaver,Abra-Cadaver!,,set_listing_only,munchkin-undead
abraham-lincoln,Abraham Lincoln /,,full_page,axe-cop|munchkin-axe-cop
absinthe,Absinthe /,,full_page,pants-macabre
absolute-zero,Absolute Zero,Абсолютный ноль,full_page,the-clown-wars
accidentally-killed-a-good-guy,Accidentally Killed A Good Guy! /,,full_page,axe-cop|munchkin-axe-cop
accidentally-off-a-sidekick,Accidentally Off A Sidekick,Случайная утрата напарника,full_page,super-munchkin
accursed,Accursed,Проклятый,full_page,munchkin-booty
accused-of-causing-violence-in-children,Accused Of Causing Violence In Children,Обвинён в росте детской преступности,full_page,the-narrow-s-cape
ace-in-the-hole,Ace in the Hole /,,full_page,beating-a-dead-horse
acephalous-equestrian,Acephalous Equestrian,Кавалерист обезглавленный,full_page,munchkin-steampunk
achieve-purrfection,Achieve Purrfection,Достигни просветления,full_page,munchkin-kittens
achilles’-heels,Achilles’ Heels,Ахиллесовы подп ятки,full_page,munchkin-legends
acid-jet,Acid Jet,Ловушка! Струя кислоты,full_page,the-clown-wars
acid-rain,Acid Rain,Катастрофа! Кислотный дождь,full_page,apocalypse|munchkin-apocalypse
acro-bats,Acro Bats,Канатопыри,full_page,munchkin-bites
action-hero,Action Hero,Герой боевика,full_page,munchkin-zombies
ada-loveless,Ada Loveless,Ада Лавлесс,full_page,munchkin-steampunk
adequate-brown-shark,Adequate Brown Shark,Вменяемая бурая акула,full_page,munchkin-booty
adjuticat,Adjuticat,Служитель мимимиды,full_page,munchkin-kittens
adroitosity,Adroitosity,Ловкоручие,full_page,munchkin-bites
aegis,Aegis /,,full_page,pants-macabre
aegis-0,Aegis,Эгида,full_page,munchkin-legends
aeronautic-armor,Aeronautic Armor,Броня аэронавта,set_listing_only,munchkin-steampunk
aerosol-devitalizer,Aerosol Devitalizer,Аэрозольный умертвитель,full_page,munchkin-steampunk
aether-bunny,Aether Bunny,Эфирный кролик,full_page,munchkin-steampunk
afghuli-raiders,Afghuli Raiders /,,full_page,munchkin-conan
afterburner,Afterburner,Двигатель внешнего сгорания,full_page,half-horse-will-travel
agent-orange,Agent Orange /,,full_page,munchkin-impossible
ah-chu,Ah Chu,Чи Хай,full_page,munchkin-fu
aint-got-no-body,Ain't Got No Body,Страдай от безтелья,full_page,armed-and-dangerous
air-cooled,Air-Cooled,С Поддувом,full_page,cheat-with-both-hands
air-freshener,Air Freshener /,,full_page,pants-macabre
airport-security,Airport Security,Охранник аэропорта,full_page,munchkin-zombies
akata,Akata,Аката,full_page,munchkin-pathfinder
alarm-clock,Alarm Clock,Будильник,full_page,the-need-for-steed
albatross-around-yer-neck,Albatross Around Yer Neck! /,,full_page,jump-the-shark
alchemist,Alchemist,Алхимик,full_page,munchkin-pathfinder
alien,Alien /,,full_page,axe-cop|munchkin-axe-cop
alien-backscratcher,Alien Backscratcher,Инопланетный спиночёс,full_page,the-clown-wars
alien-bathroom,Alien Bathroom,Инопланетная уборная,full_page,the-clown-wars
alien-boudoir,Alien Boudoir,Инопланетная спальня,full_page,the-clown-wars
alien-candy,Alien Candy,Чужеродная Карамелька,full_page,star-munchkin
alien-cycle-gang,Alien Cycle Gang,Космобайкеры,full_page,the-narrow-s-cape
alien-experiment,Alien Experiment,Эксперимент Пришельцев,full_page,star-munchkin
alien-invasion,Alien Invasion,Катастрофа! Инопланетное вторжение,full_page,apocalypse|munchkin-apocalypse
alien-pet,Alien Pet,Пришлая Зверюшка,full_page,star-munchkin
alien-shoplifters,Alien Shoplifters /,,full_page,axe-cop|munchkin-axe-cop
alien-wheep-gun,Alien Wheep Gun,Инопланетный хлёсткострел,full_page,super-munchkin
all-hands-on-their-feet,All Hands On Their Feet /,,full_page,jump-the-shark
all-roads-lead-to-rome,All Roads Lead To Rome,Все дороги ведут в Рим,full_page,demented-dungeon|demented-dungeons
all-your-beast-are-belong-to-us,All Your Beast Are Belong To Us,Все Твой Тварь Принадлежать Нам,full_page,star-munchkin
almighty-cod,Almighty Cod,Шпрот Всемогущий,full_page,munchkin-booty
also-sprocket-zarathustra,Also Sprocket Zarathustra,Так зацепил Зверотустра,full_page,munchkin-steampunk
alternate-world-version,Alternate World Version,Проекция из альтернативного мира,full_page,super-munchkin
aluminum-bat,Aluminum Bat,Ракетопырь,full_page,munchkin-bites
aluminum-foil,Aluminum Foil,Фольговая рапира,set_listing_only,munchkin-pathfinder
am-radio,AM Radio,Катастрофа! Радио «Блатняк»,full_page,apocalypse|munchkin-apocalypse
amazingly,Amazingly,Поразительный,full_page,cheat-with-both-hands
amazingly-cool-sunglasses,Amazingly Cool Sunglasses,Безумно Крутые Солнцезащитные Очки,full_page,munchkin-fu
amazon,Amazon,Амазонка,full_page,munchkin
ambush,Ambush /,,full_page,the-good-the-bad-and-the-munchkin
american,American /,,full_page,munchkin-impossible
american-pie,American Pie,Американский Пирог,full_page,munchkin-impossible
amikiri,Amikiri /,,full_page,monky-business
amnesia,Amnesia,Амнезия,full_page,munchkin-cthulhu|star-munchkin
an-arm-and-a-leg,An Arm and a Leg,Рука и нога,full_page,munchkin-zombies
ancestral-memory,Ancestral Memory,Память предков,full_page,munchkin-bites
anchor,Anchor /,,full_page,jump-the-shark
anchovy-pizza,Anchovy Pizza,Килечная пицца,full_page,munchkin-booty
ancient,Ancient,Престарелый,full_page,munchkin
ancient-mongol-bow,Ancient Mongol Bow,Лук Древней Монголии,full_page,munchkin-fu
and-its-clan,...And Its Clan,,set_listing_only,monky-business
and-its-clone,...And Its Clone,… И Его Клон,full_page,star-munchkin
and-its-little-friends,...And Its Little Friends /,,full_page,monster-enhancers
and-its-spawn,...And Its Spawn,…и его отродья,full_page,munchkin-cthulhu
android,Android,Андроид,full_page,star-munchkin
angry-cat,Angry Cat,Злой кот,full_page,munchkin-zombies
angsty-monolog,Angsty Monolog,Горестный монолог,full_page,the-narrow-s-cape
anime-amulet,Anime Amulet,Анимешный Амулет,full_page,munchkin-fu
ankh-of-angst,Ankh of Angst,Анх Страха,full_page,munchkin-bites
ankle-jets,Ankle Jets,Налодыжные турбины,set_listing_only,munchkin-steampunk
annihilation,Annihilation,Аннигиляция,full_page,unnatural-axe
annoying-singing-tree,Annoying Singing Tree /,,full_page,axe-cop|munchkin-axe-cop
another-zombie,Another Zombie,Другой зомби,full_page,munchkin-zombies
anthrakitis,Anthrakitis,Манчкинская язва,set_listing_only,munchkin-pathfinder
anti-clause,Anti-Clause /,,full_page,santas-revenge
anti-curse-purse,Anti-Curse Purse,Противопроклятная сумочка,full_page,munchkin-pathfinder
anti-phlogiston-undergarments,Anti-Phlogiston Undergarments,Антифлогистонное бельё,set_listing_only,munchkin-steampunk
anti-stake-kevlar-™,Anti-Stake Kevlar ™,Антиколовый кевлар,full_page,munchkin-bites
antimatter,Antimatter,Антиматерия,full_page,star-munchkin
antique-vinyl,Antique Vinyl,Крышесносная музыка,full_page,munchkin-zombies
antisocial-media,Antisocial Media,Антисоциальные медиа,full_page,sheep-impact
antlers,Antlers,Оленьи рога,full_page,armed-and-dangerous
ants,Ants,Муравьи,full_page,munchkin-zombies
anubis,Anubis,Анубис,full_page,de-ranged
ape-with-horns,Ape With Horns /,,full_page,munchkin-skullkickers|skullkickers
apocalypse-mao,Apocalypse Mao,Кормчий Апокалипсиса,full_page,sheep-impact
apocalypso,Apocalypso /,,full_page,munchkin-impossible
apocalyptic,Apocalyptic,Апокалиптический,full_page,sheep-impact
apple-hands,Apple Hands /,,full_page,axe-cop|munchkin-axe-cop
applejack,Applejack /,,full_page,beating-a-dead-horse
apples-of-derketa,Apples of Derketa,Яблоки Деркеты,full_page,munchkin-conan
aquilonian-crossbow,Aquilonian Crossbow /,,full_page,munchkin-conan
aquilonian-renegade,Aquilonian Renegade /,,full_page,munchkin-conan
aquilonian-sword-of-state,Aquilonian Sword of State /,,full_page,munchkin-conan
arbitrary-game-balance,Arbitrary Game Balance,Мастерский произвол!,full_page,de-ranged
archerfish,Archerfish /,,full_page,fish-ships
ardent-spirits,Ardent Spirits,Разгорячённый напиток,full_page,munchkin-steampunk
arena-of-azathoth,Arena Of Azathoth /,,full_page,crazed-caverns
argo-knots,Argo Knots,Гордиевы узлы,full_page,munchkin-legends
argyle-sweater-vest,Argyle Sweater Vest,Вязаный жилет с «ромбиками»,full_page,munchkin-hipsters
arkham-subway-station,Arkham Subway Station /,,full_page,crazed-caverns
arkhamster,Arkhamster /,,full_page,call-of-cowthulhu
arm,Arm,Рука,full_page,munchkin-zombies
arm-wrestling,Arm Wrestling! /,,full_page,munchkin-conan
arm-y-boots,Arm-y Boots,Берцы со шнуруками,full_page,apocalypse|munchkin-apocalypse
arm-y-fatigues,Arm-y Fatigues,Камуфляж средней руки,full_page,sheep-impact
arm-y-helmet,Arm-y Helmet,Рукастая каска,full_page,the-need-for-steed
arm-y-surplus,Arm-y Surplus,Вырученное со склада,full_page,apocalypse|munchkin-apocalypse
arm-y-truck,Arm-y Truck,Грузовик с ручной коробкой,full_page,sheep-impact
armadillo,Armadillo /,,full_page,the-good-the-bad-and-the-munchkin
armed-and-dangerous,Armed and Dangerous,Мастер на все руки,full_page,armed-and-dangerous
armor-of-ennui,Armor of Ennui,Броня апатии,full_page,munchkin-bites
armor-of-faerie,Armor of Faerie,Фейские доспехи,full_page,munchkin-bites
armor-of-insults,Armor of insults,Оскорбительный доспех,set_listing_only,munchkin-pathfinder
armor-of-skulls,Armor of Skulls,Доспех из черепов,set_listing_only,munchkin-pathfinder
armor-piercing,Armor-Piercing,Бронебойный,full_page,cheat-with-both-hands
armor-plated,Armor-Plated,Бронированный,full_page,cheat-with-both-hands
armored,Armored,Броневой,full_page,the-need-for-steed
arms-locker,Arms Locker,Оружейный Ящик,full_page,star-munchkin
army-ants,Army Ants,Муравьи-легионеры,full_page,munchkin-legends
army-chihuahua,Army Chihuahua /,,full_page,axe-cop|munchkin-axe-cop
arrbucks,Arrbuck's,"Кофе ""Каррамбакс""",full_page,munchkin-booty
arrrrrquebus,Arrrrrquebus /,,full_page,jump-the-shark
arrrrrrrr,Arrrrrrrr!,Авра-а-а-ал!,full_page,munchkin-booty
artisanal,Artisanal,...ручной работы,full_page,munchkin-hipsters
asmodeus,Asmodeus,Асмодей,full_page,munchkin-bites
asp,Asp,Палицайка,full_page,apocalypse|munchkin-apocalypse
aspis-agent,Aspis Agent,Агент аспидов,full_page,munchkin-pathfinder
assassin,Assassin /,,full_page,munchkin-impossible
assassin-bug,Assassin Bug /,,full_page,munchkin-impossible
assist-the-police-in-their-inquiries,Assist the Police in Their Inquiries,Дай ценные показания,set_listing_only,munchkin-steampunk
asteroid-belt,Asteroid Belt,Астероидный пояс,full_page,the-clown-wars
asteroid-minors,Asteroid Minors,Малолетки на астероидах,full_page,the-clown-wars
astoundingly,Astoundingly,Изумительный,full_page,cheat-with-both-hands
astro-food,Astro-Food,Космохавчик,full_page,the-clown-wars
astro-muskrat-space-pirate,Astro-Muskrat Space Pirate,Звездномускусная Крыса - Космический Пират,full_page,star-munchkin
ate-at-convention-snack-bar,Ate at Convention Snack Bar,Фестивальные закуски,full_page,the-narrow-s-cape
atlach-nacha,Atlach-Nacha /,,full_page,the-unspeakable-vault
atlantean-sword,Atlantean Sword /,,full_page,munchkin-conan
atom-bomb,Atom Bomb /,,full_page,axe-cop|munchkin-axe-cop
atomic-zombie,Atomic Zombie,Атомный зомби,full_page,armed-and-dangerous|munchkin-zombies
attempt-to-grapple,Attempt to Grapple,Познай суть вещей,set_listing_only,munchkin-pathfinder
attend-the-world’s-fair,Attend the World’s Fair,Посети всемирную выставку,set_listing_only,munchkin-steampunk
aughost-derwraith,Aughost Derwraith,Огастень Привидерлет,full_page,munchkin-cthulhu
auntie-paladin,Auntie Paladin,Антипаладёща,full_page,clerical-errors
aura-of-good,Aura of Good,Аура Добра,full_page,munchkin-bites
auspicious-ivory-gutting-hook,Auspicious Ivory Gutting Hook,,set_listing_only,monky-business
autoflee-1000,Autoflee 1000,Наутёк 1000,full_page,the-clown-wars
automatic-monocle,Automatic Monocle,Автоматический монокль,full_page,munchkin-steampunk
avast-wasteland,Avast Wasteland!,Вижу землю!,full_page,munchkin-booty
avatar,Avatar,Аватар,full_page,half-horse-will-travel
avocado,Avocado /,,full_page,axe-cop|munchkin-axe-cop
avocado-bombs,Avocado Bombs /,,full_page,axe-cop|munchkin-axe-cop
awesome-new-costume,Awesome New Costume /,,full_page,axe-cop|munchkin-axe-cop
awful-green-thing,Awful Green Thing,Зловещая Зеленая Тварь,full_page,star-munchkin
awful-green-thing-0,Awful Green Thing,Кошмарная зелёная тварь,full_page,munchkin-promo
awful-socks,Awful Socks,Ужасные носки,full_page,clerical-errors
awwwk-nice-chest,Awwwk! Nice Chest!,Груды сокровищ!,full_page,munchkin-booty
axe,Axe /,,full_page,axe-cop|munchkin-axe-cop
axe-cop-lacks-top,Axe Cop Lacks Top! /,,full_page,axe-cop|munchkin-axe-cop
axe-gun-technique,Axe & Gun Technique /,,full_page,axe-cop|munchkin-axe-cop
axe-of-contrition,Axe of Contrition,Секира раскаяния,full_page,munchkin-bites
axe-star-energy-drink,Axe Star Energy Drink /,,full_page,axe-cop|munchkin-axe-cop
axes-of-evil,Axes of Evil /,,full_page,munchkin-skullkickers|skullkickers
b-movie-girls,B-Movie Girls,Пчёлки из массовки,full_page,the-clown-wars
baal-pteor-the-strangler,Baal-pteor the Strangler /,,full_page,munchkin-conan
baba-yaga,Baba Yaga,Баба-яга,full_page,munchkin-legends
babbage-cabbage,Babbage Cabbage,Аналитический кочан Бэббиджа,full_page,munchkin-steampunk
baby,Baby,Грудной,full_page,munchkin
baby-0,Baby /,,full_page,axe-cop|munchkin-axe-cop
baby-oil,Baby Oil,Детское масло,full_page,unnatural-axe
baby-powder,Baby Powder,Детский Тальк,full_page,munchkin-fu
baby-seal,Baby SEAL,Морской котёнок,full_page,sheep-impact
babyhead-squid,Babyhead Squid /,,full_page,axe-cop|munchkin-axe-cop
babysitter,Babysitter,Сиделка,full_page,munchkin-zombies
back-banner,Back Banner,Флаг Тебе на Спину,full_page,munchkin-fu
back-in-the-saddle,Back in the Saddle /,,full_page,beating-a-dead-horse
back-on-track,Back on Track,Пешком по шпалам на юга,set_listing_only,munchkin-pathfinder
backpack-eaten,Backpack Eaten,Шмотник сожран!,full_page,munchkin-cthulhu
backpack-full-of-dynamite,Backpack Full of Dynamite,Полный рюкзак динамита,full_page,munchkin-cthulhu
bad-ass,Bad Ass,Зосланец,full_page,clerical-errors
bad-ass-bandanna,Bad-Ass Bandanna,Сорвиголовная бандана,full_page,munchkin
bad-egg,Bad Egg /,,full_page,beating-a-dead-horse
bad-feng-shui,Bad Feng Shui,Не фэншуйно,full_page,munchkin-fu
bad-guys-cheat,Bad Guys Cheat! /,,full_page,axe-cop|munchkin-axe-cop
bad-guys-wished-your-armor-away,Bad Guys Wished Your Armor Away! /,,full_page,axe-cop|munchkin-axe-cop
bad-omens,Bad Omens,Дурные знамения,full_page,munchkin-legends
bad-run-o-cards,Bad Run o' Cards! /,,full_page,jump-the-shark
bad-santa,Bad Santa /,,full_page,axe-cop|munchkin-axe-cop
bad-smell,Bad Smell,Вонище,full_page,cheat-with-both-hands
bad-steed-feed,Bad Steed Feed,Не в коня корм,full_page,half-horse-will-travel
bag-of-caltrops,Bag of Caltrops,Мешок шипов,full_page,unnatural-axe
bag-of-gold,Bag of Gold /,,full_page,munchkin-conan
bag-of-holding,Bag of Holding,Беспардонная сума!,full_page,de-ranged
bagpipes,Bagpipes,Волынка,full_page,munchkin-cthulhu
balanced-diet,Balanced Diet,Сбалансированная диета,full_page,armed-and-dangerous
ball-of-yarn,Ball of Yarn,Клубок Ниток,full_page,star-munchkin
ballistic-armor,Ballistic Armor,Баллистическая жилетка,full_page,apocalypse|munchkin-apocalypse
banana-boat,Banana Boat /,,full_page,fish-ships
banana-fu,Banana Fu,Банан-Фу,full_page,munchkin-fu
banana-guard,Banana Guard /,,full_page,adventure-time|munchkin-adventure-time
bananafanafofaser,Bananafanafofaser,Банановентофазер,full_page,star-munchkin
baneberry-juice,Baneberry Juice,Сок из отравики,set_listing_only,munchkin-pathfinder
banshee,Banshee,Баньши,full_page,munchkin-bites
bar-ghast,Bar Ghast /,,full_page,pants-macabre
barb-y-doll,Barb-y Doll /,,full_page,pants-macabre
barbarian,Barbarian /,,full_page,munchkin-conan
barbarian-booties,Barbarian Booties /,,full_page,conan-the-barbarian
barbaric,Barbaric,Варварский,full_page,half-horse-will-travel
barbecue-fork,Barbecue Fork,Вилка-кормилка,full_page,unnatural-axe
barbed-wire,Barbed Wire /,,full_page,the-good-the-bad-and-the-munchkin
barbells,Barbells,Супер-гантель,full_page,super-munchkin
barber-shop-quartet,Barber Shop Quartet /,,full_page,the-good-the-bad-and-the-munchkin
bard,Bard,Бард,full_page,clerical-errors|the-need-for-steed
bard-hireling,Bard Hireling,Бард-наёмничек,full_page,the-need-for-steed
barding,Barding,Бардачок,full_page,half-horse-will-travel
barista,Barista,Бариста,full_page,munchkin-zombies
bark-armor,Bark Armor,Доспехи из коры,full_page,munchkin-legends
barnacle-bill,Barnacle Bill /,,full_page,jump-the-shark
baron-boron,Baron Boron,Барон Барон,full_page,super-munchkin
baron-munchkinhausen,Baron Munchkinhausen,Барон Манчкингаузен,full_page,de-ranged
barrel,Barrel /,,full_page,jump-the-shark
barrel-of-monkeys,Barrel of Monkeys,Бочка мартышек,full_page,clerical-errors
baseball-bats,Baseball Bats,Битопыри,full_page,munchkin-bites
baseball-players,Baseball Players /,,full_page,axe-cop|munchkin-axe-cop
basket-case,Basket Case /,,full_page,munchkin-easter-eggs
basket-of-ferns,Basket of Ferns,Папоротник в корзинке,full_page,apocalypse|munchkin-apocalypse
basketball-player,Basketball Player,Баскетболист,full_page,armed-and-dangerous
bass-ackward,Bass Ackward,Надом заперёд,full_page,munchkin-zombies
bat-bat,Bat Bat,Оттопырица,full_page,munchkin-bites
bat-boy,Bat Boy,Мальчишка с битой,full_page,armed-and-dangerous
bat-masterson,Bat Masterson /,,full_page,the-good-the-bad-and-the-munchkin
bat-mobile,Bat Mobile,Бит-мобиль,full_page,super-munchkin
bat-warthog,Bat Warthog /,,full_page,axe-cop|munchkin-axe-cop
bat-warthog-armor,Bat Warthog Armor /,,full_page,axe-cop|munchkin-axe-cop
bat-winged,Bat-Winged /,,full_page,pants-macabre
bathtub-duckie,Bathtub Duckie,Банный утёнок,full_page,munchkin-booty
batrachian,Batrachian /,,full_page,call-of-cowthulhu
battering-ram,Battering Ram,Стенобитный таран,full_page,munchkin-promo
battle-armor,Battle Armor,Боевой Скафандр,full_page,star-munchkin
bazooka,Bazooka,Базука,full_page,munchkin-impossible
bazooka-0,Bazooka,Базука,full_page,apocalypse|munchkin-apocalypse
bear-feet,Bear Feet,Косолапы,full_page,de-ranged
bear-trap,Bear Trap,Капкан,full_page,armed-and-dangerous
bearskin-coat,Bearskin Coat /,,full_page,beating-a-dead-horse
beat-a-dead-horse,Beat A Dead Horse /,,full_page,the-good-the-bad-and-the-munchkin
beautiful-assistant,Beautiful Assistant,Прелестный Ассистент,full_page,star-munchkin
beautiful-stepsister,Beautiful Stepsister,Сводная сестра-красотка,set_listing_only,munchkin-princesses
become-gigantic,Become Gigantic /,,full_page,axe-cop|munchkin-axe-cop
become-super-strong,Become Super Strong /,,full_page,axe-cop|munchkin-axe-cop
bedridden,Bedridden,Обессиленный,full_page,cheat-with-both-hands
bee-go,Bee-Go /,,full_page,call-of-cowthulhu
beehemoth,Beehemoth,Пчелопотам,full_page,munchkin-pathfinder
beer-belch,Beer Belch,Пивная отрыжка,full_page,super-munchkin
beer-gas-grenade,Beer Gas Grenade,Пивогазовая Граната,full_page,star-munchkin
beguilement,Beguilement,Хитрование,full_page,munchkin-bites
being-of-impure-thought,Being of Impure Thought,Существо грязной мысли,full_page,star-munchkin
belay-the-aft-topgallants,Belay the Aft Topgallants,Поднять бушприт! Сточить якорь!,full_page,munchkin-booty
belaying-pin,Belaying Pin,Оснастный гвоздь,full_page,munchkin-booty
bell-of-dismissal,Bell of Dismissal,Увольнительный набат,set_listing_only,munchkin-pathfinder
belt-buckle-gun,Belt Buckle Gun /,,full_page,the-good-the-bad-and-the-munchkin
beltane-suspenders,Beltane Suspenders,Белейновые подтяжки,full_page,munchkin-bites
bermuda-shorts-of-invulnerability,Bermuda Shorts of Invulnerability,Бермуды неуязвимости,full_page,munchkin-legends
best-fairy-ever,Best Fairy Ever /,,full_page,axe-cop|munchkin-axe-cop
betray-the-party,Betray the Party,Предай друзей,full_page,half-horse-will-travel
betrayed,Betrayed! /,,full_page,munchkin-conan
better-costume-than-yours,Better Costume Than Yours,Костюм круче твоего,full_page,super-munchkin
better-offer,Better Offer,Лучшая Доля,full_page,star-munchkin
beverly-hells,Beverly Hells /,,full_page,terrible-tombs
bi-refringent-goggles,Bi-Refringent Goggles,Очки двойного преломления,full_page,munchkin-steampunk
bi-sickle,Bi-Sickle,Серпаратор,full_page,the-need-for-steed
bicker-ichor,Bicker Ichor,Сволочной гной,full_page,munchkin-cthulhu
big-bang,Big Bang,Ловушка! Большой бадабум,full_page,the-clown-wars
big-black-45,Big Black .45,Черный Гигант .45,full_page,munchkin-fu
big-eyes-small-mouse,"Big Eyes, Small Mouse","Большие Глаза, Мелкая Мышь",full_page,munchkin-fu
big-fat-hairy-dale,Big Fat Hairy Dale,Жиртрест косматый,full_page,the-need-for-steed
big-fat-lyre,Big Fat Lyre,Неприкрытая лжира,full_page,clerical-errors
big-feet,Big Feet,Большие ноги,full_page,unnatural-axe
big-fifty,Big Fifty /,,full_page,beating-a-dead-horse
big-hair,Big Hair,Волосищи,full_page,the-narrow-s-cape
big-hand,Big Hand,Большая рука,full_page,armed-and-dangerous
big-honking-sword-of-character-whupping,Big Honking Sword of Character Whupping,Большой жуткий меч уничижения персонажей,full_page,clerical-errors
big-joe,Big Joe,Большой Петро,full_page,the-need-for-steed
big-macaque,Big Macaque,,set_listing_only,monky-business
big-ol,Big Ol' /,,full_page,beating-a-dead-horse
big-ol-planet-eater-guy,Big Ol' Planet Eater Guy,Старина планетоед,full_page,super-munchkin
big-red-button,Big Red Button,Большая Красная Кнопка,full_page,star-munchkin
bigfoot,Bigfoot,Бигфут,full_page,munchkin
bilgewater,Bilgewater,Ведро помоев,full_page,munchkin-booty
bilingual,Bilingual,Двуязыкость,full_page,jump-the-shark|munchkin-booty
bilocation,Bilocation /,,full_page,pants-macabre
bimborella,Bimborella,Блондурелла,full_page,super-munchkin
bionic-bimbo,Bionic Bimbo,Бионическая Крошка,full_page,star-munchkin
bipolar-bear,Bipolar Bear,Биполярный медведь,full_page,the-need-for-steed
bird-boy,Bird Boy,Птиц,full_page,super-munchkin
bird-flu,Bird Flu,Катастрофа! Птичий грипп,full_page,apocalypse|munchkin-apocalypse
birdhouse,Birdhouse,Скворечник,full_page,munchkin-zombies
birthday-cake-with-a-candle-of-you-on-top,Birthday Cake With A Candle Of You On Top /,,full_page,axe-cop|munchkin-axe-cop
bismarck-the-wonder-dog,Bismarck the Wonder Dog,Чудо-пёс Бисмарк,set_listing_only,munchkin-steampunk
bitten-by-a-caffeinated-hipster,Bitten by a Caffeinated Hipster,Покусан обкофеиненным хипстером,full_page,munchkin-hipsters
bituminous-adhesive,Bituminous Adhesive,Битумный клей,set_listing_only,munchkin-steampunk
black-and-blue-belt,Black and Blue Belt,,set_listing_only,monky-business
black-cauldron,Black Cauldron,Чёрный котёл,full_page,munchkin-bites
black-coffee,Black Coffee,Черный кофе,full_page,super-munchkin
black-hair-dye,Black Hair Dye /,,full_page,pants-macabre
black-hand-of-set,Black Hand of Set /,,full_page,munchkin-conan
black-hat,Black Hat /,,full_page,the-good-the-bad-and-the-munchkin
black-hole,Black Hole,Ловушка! Чёрная дыра,full_page,the-clown-wars
black-jade-spider,Black Jade Spider /,,full_page,munchkin-conan
black-lotus-powder,Black Lotus Powder /,,full_page,munchkin-conan
black-nail-polish,Black Nail Polish,Чёрный лак,full_page,munchkin-bites
black-oops,Black Oops! /,,full_page,munchkin-impossible
black-scorpion,Black Scorpion /,,full_page,munchkin-conan
blackaxe,Blackaxe,Чёрный топор,set_listing_only,munchkin-pathfinder
blackbeard,Blackbeard,Чёрная Борода,full_page,munchkin-booty
blacker-than-black,Blacker than Black /,,full_page,pants-macabre
blade-gun,Blade Gun /,,full_page,axe-cop|munchkin-axe-cop
blame-the-government,Blame the Government,Обвини правительство,full_page,apocalypse|munchkin-apocalypse
blank-dog,Blank Dog,Колеблющийся кобель,full_page,the-need-for-steed
blanket-of-invisibility,Blanket of Invisibility,Попона невидимости,full_page,half-horse-will-travel
blasphemous,Blasphemous,Нечестивый,full_page,munchkin-cthulhu
blaze-a-trail,Blaze a Trail,Освети тропу,set_listing_only,munchkin-pathfinder
blazer,Blazer,Жгучий жакет,set_listing_only,munchkin-pathfinder
blessed,Blessed,Благословенный,full_page,clerical-errors
blessed-mallet-of-st-eeeeeeuuuuuuuuw,Blessed Mallet of St. Eeeeeeuuuuuuuuw,Освящённый Молот св.Иииээээхххха,full_page,unnatural-axe
blessing,Blessing,Благословение,full_page,de-ranged
blessing-of-epemitreus-the-sage,Blessing of Epemitreus the Sage /,,full_page,munchkin-conan
blessing-of-the-gods,Blessing of the Gods,Милость богов,full_page,munchkin-legends
blinders,Blinders,Шоры,full_page,half-horse-will-travel
blindfold,Blindfold,,set_listing_only,monky-business
blinky,Blinky,Мигала,full_page,the-clown-wars
blizzard,Blizzard,Катастрофа! Мороз,full_page,apocalypse|munchkin-apocalypse
bloatmage,Bloatmage,Пиявочник,set_listing_only,munchkin-pathfinder
blob,Blob,Шлёп,full_page,star-munchkin
blobgoblin,Blobgoblin,Жлабгоблин,full_page,de-ranged
blog-goblin,Blog Goblin,Блоггоблин,full_page,munchkin-pathfinder
blogger,Blogger,Блогер,full_page,apocalypse|munchkin-apocalypse|sheep-impact
blond-wig,Blond Wig,Блондинистый Парик,full_page,munchkin-fu
blood-in-the-water,Blood in the Water,Катастрофа! Кровь в воде,full_page,sheep-impact
blood-tonic,Blood Tonic,Газикровка,full_page,munchkin-bites
blood-veil,Blood Veil,Вуаль крови,set_listing_only,munchkin-pathfinder
bloodthirsty,Bloodthirsty,Кровожадный,full_page,munchkin-booty
bloody-mary,Bloody Mary,Кровавая Мэри,full_page,munchkin-legends|pants-macabre
blow-up-bad-guy-planet,Blow Up Bad Guy Planet /,,full_page,axe-cop|munchkin-axe-cop
blow-up-entire-small-country,Blow Up Entire Small Country /,,full_page,munchkin-impossible
blowgun,Blowgun,Духовая Труба,full_page,munchkin-fu
blunderbuss,Blunderbuss /,,full_page,the-good-the-bad-and-the-munchkin
blunderbuss-0,Blunderbuss,Дулер,full_page,munchkin-booty
bo,B.O.,Вонь,full_page,unnatural-axe
boar-spear,Boar-Spear /,,full_page,munchkin-conan
board-of-education,Board of Education,Доска обучения,full_page,the-need-for-steed
boarding-axe,Boarding Axe /,,full_page,jump-the-shark
boarding-party,Boarding Party /,,full_page,jump-the-shark
boat-shoes,Boat Shoes,Туфли-лодочк,full_page,sheep-impact
bobaser,Bobaser,Бобазер,full_page,star-munchkin
bobble-head,Bobble-Head,Трясоглав,full_page,clerical-errors
bobby-feet,Bobby Feet,Бобби Фут,full_page,the-clown-wars
body-building,Body-Building,Из качалки,full_page,munchkin-zombies
body-check,Body Check,Тело в дело,full_page,munchkin-zombies
body-of-real-hard-stuff,Body Of Real Hard Stuff,Реально твёрдое тело,full_page,super-munchkin
boggard,Boggard,Боггард,set_listing_only,munchkin-pathfinder
boggart,Boggart,Страховидло,full_page,munchkin-bites
boil-an-anthill,Boil an Anthill,Разори муравейник,full_page,munchkin
bomb-suit,Bomb Suit,Бомбожилет,full_page,sheep-impact
bond-by-talking-about-sports,Bond by Talking About Sports,Спаянные фанатством,full_page,the-narrow-s-cape
bone-dragon,Bone Dragon /,,full_page,dragons-trike
boogie-knight,Boogie Knight,Рыцарь ордена диджеев,full_page,munchkin-knights
boogie-man,Boogie Man,Дискотина,full_page,munchkin-legends
boojum,Boojum,Буджум,full_page,munchkin-booty
book-of-the-five-elements,Book of the Five Elements,,set_listing_only,monky-business
bookmark,Bookmark /,,full_page,munchkinomicon
bookshelf-collapses,Bookshelf Collapses,Книгообвал,full_page,the-narrow-s-cape
boom-box,Boom Box,Бумбокс,full_page,munchkin-promo
boomdagger,Boomdagger,Бум-дага,full_page,unnatural-axe
boomerang,BOOMerang,БУМеранг,full_page,super-munchkin
boonie-hat,Boonie Hat,Походная шляпа,full_page,apocalypse|munchkin-apocalypse
boot-soup,Boot Soup,Ножной грибок,full_page,munchkin-pathfinder
booterang,Booterang /,,full_page,axe-cop|munchkin-axe-cop
boots-of-butt-kicking,Boots of Butt-Kicking,Башмаки Могучего Пенделя,full_page,munchkin
boots-of-head-kicking,Boots of Head Kicking /,,full_page,axe-cop|munchkin-axe-cop
boots-of-running-really-fast,Boots of Running Really Fast,Башмаки реально быстрого бега,full_page,munchkin
boots-of-the-mastodon,Boots of the Mastodon,Боты из мастодонта,set_listing_only,munchkin-pathfinder
boots-that-shoot,Boots That Shoot,Боты-миномёты,full_page,super-munchkin
booty-boots,Booty Boots,Заначистые сапоги,full_page,munchkin-booty
borelon,Borelon,Задолблон,full_page,the-clown-wars
bottle-bottle,Bottle Bottle,Раста Раста,full_page,star-munchkin
bottle-of-acid,Bottle of Acid,Банка кислоты,full_page,munchkin-zombies
bound-blade,Bound Blade,Скованный меч,full_page,munchkin-pathfinder
bounty-hunter,Bounty Hunter,Охотник,full_page,star-munchkin|the-clown-wars
bovine-intervention,Bovine Intervention /,,full_page,call-of-cowthulhu
bow,Bow /,,full_page,the-good-the-bad-and-the-munchkin
bow-of-grossly-unbalanced-combat,Bow of Grossly Unbalanced Combat,Лук отвратно выверенного боя,full_page,de-ranged
bow-tie,Bow Tie /,,full_page,the-good-the-bad-and-the-munchkin
bow-tie-fighter,Bow Tie Fighter /,,full_page,space-ships
bow-with-ribbons,Bow with Ribbons,Лучок с ленточками,full_page,munchkin
bowie-knife,Bowie Knife /,,full_page,the-good-the-bad-and-the-munchkin
bowler-hat,Bowler Hat /,,full_page,the-good-the-bad-and-the-munchkin
bowling-alley-of-the-dead,Bowling Alley of the Dead /,,full_page,hideous-hideouts
bowling-ball,Bowling Ball,Шар для боулинга,full_page,munchkin-zombies
bowling-pin,Bowling Pin,Кегля,full_page,munchkin-cthulhu
bowling-shirt,Bowling Shirt,Рубашка для боулинга,full_page,armed-and-dangerous
bowling-shoes,Bowling Shoes,Ботинки для боулинга,full_page,armed-and-dangerous
bowling-trophy,Bowling Trophy,Приз за боулинг,full_page,munchkin-zombies
boysenberry-finn,Boysenberry Finn /,,full_page,the-good-the-bad-and-the-munchkin
braaaaainnnns,Braaaaainnnns!,Едааааа!,full_page,munchkin-zombies
brain,Brain,Умник,full_page,the-narrow-s-cape
brain-candy,Brain Candy /,,full_page,hideous-hideouts
brain-dump,Brain Dump /,,full_page,hideous-hideouts
brain-eating,Brain-Eating,Выедающий мозги,full_page,armed-and-dangerous
brain-in-a-jar,Brain In A Jar,Мозги в Банке,full_page,star-munchkin
brain-scrambler,Brain Scrambler,Мозгомешалка,full_page,star-munchkin
brain-teaser,Brain Teaser,Пораскинь мозгами,full_page,munchkin-zombies
brain-with-tentacles,Brain With Tentacles /,,full_page,axe-cop|munchkin-axe-cop
brains-enough-for-two,Brains Enough For Two,Мозги для двоих,full_page,munchkin-zombies
brainworms,Brainworms,Мозговые черви,set_listing_only,munchkin-pathfinder
branding-iron,Branding Iron /,,full_page,the-good-the-bad-and-the-munchkin
brass-hat,Brass Hat,Штабной цилиндр,full_page,munchkin-steampunk
brass-knucks,Brass Knucks,Кастеты,full_page,munchkin-cthulhu
breach-the-perimeter,Breach the Perimeter /,,full_page,hideous-hideouts
briar,Briar,Тёрн,set_listing_only,munchkin-pathfinder
bribe-gm-with-food,Bribe GM With Food,Прикорми мастера,full_page,munchkin
brick,Brick,Кирпич,full_page,munchkin-zombies
brick-bat,Brick Bat,Брикетопырь,full_page,munchkin-bites
bridge,Bridge /,,full_page,space-ships
bridle-shower,Bridle Shower,Уздевичник,full_page,half-horse-will-travel
brig,Brig,Бутыриг,full_page,munchkin-booty
briiiaaaaannnnns,Briiiaaaaannnnns!,Скопище Костей,full_page,armed-and-dangerous
brilliantly-polished,Brilliantly Polished,Полированный до блеска,full_page,munchkin-steampunk
british,British,Британец,full_page,jump-the-shark|munchkin-booty
british-0,British /,,full_page,munchkin-impossible
broad-sword,Broad Sword,Меч широты взглядов,full_page,munchkin
broadside,Broadside,Бортовой залп,full_page,munchkin-booty
broken-leg,Broken Leg /,,full_page,the-good-the-bad-and-the-munchkin
broken-shackles,Broken Shackles /,,full_page,munchkin-conan
brood,Brood,Выводок,full_page,unnatural-axe
brownie-in-motion,Brownie In Motion /,,full_page,fairy-dust|munchkin-fairy-dust
bubble-helmet,Bubble Helmet,Шлем-Пузырь,full_page,star-munchkin
bubble-wand,Bubble Wand,Пузырялка,full_page,armed-and-dangerous
buccanears,Buccanears /,,full_page,jump-the-shark
buckaroo,Buckaroo /,,full_page,the-good-the-bad-and-the-munchkin
bucketman,Bucketman,Ведромэн,full_page,super-munchkin
buckler-of-swashing,Buckler of Swashing,Баклер бахвала,full_page,munchkin
budget-armor,Budget Armor,Бюджетная броня,full_page,the-narrow-s-cape
budget-armor-0,Budget Armor,Бюджетная броня,full_page,the-need-for-steed
budget-hireling,Budget Hireling,Экономничек,full_page,the-need-for-steed
budget-hq,Budget HQ,Штаб-трущоба,full_page,super-munchkin
budget-steed,Budget Steed,Скакун эконом-класса,full_page,de-ranged
buffalo-gals,Buffalo Gals /,,full_page,beating-a-dead-horse
buffed,Buffed,Накачанный,full_page,cheat-with-both-hands
bug,Bug,Жучила,full_page,the-clown-wars
bug-eyed-monster,Bug-Eyed Monster,Жукоглазый Монстр,full_page,star-munchkin
bug-spray,Bug Spray,Дихлофос,full_page,munchkin-cthulhu
bugbear,Bugbear,Медвежук,full_page,munchkin-legends
buggoth,Buggoth,Жуггот,full_page,munchkin-cthulhu
bull-kung-fu,Bull Kung Fu,Кунг-Фу Быка,full_page,munchkin-fu
bull-potion,Bull Potion /,,full_page,axe-cop|munchkin-axe-cop
bulletproof-attache-case,Bulletproof Attache Case /,,full_page,munchkin-impossible
bulletproof-dinner-jacket,Bulletproof Dinner Jacket,Бронированный Пиджак,full_page,munchkin-impossible
bulletproof-vest,Bulletproof Vest /,,full_page,munchkin-impossible
bullrog,Bullrog,Бульрог,full_page,munchkin
bullwhip,Bullwhip /,,full_page,the-good-the-bad-and-the-munchkin
bungee-cord,Bungee Cord,Жгут,full_page,de-ranged
bunny-ears,Bunny Ears /,,full_page,munchkin-easter-eggs
bunny-slippers,Bunny Slippers /,,full_page,munchkin-easter-eggs
burning-trash-cans,Burning Trash Cans,Горящие мусорные баки,full_page,armed-and-dangerous
burrow-of-byatis,Burrow of Byatis /,,full_page,crazed-caverns
bush-knife,Bush Knife /,,full_page,munchkin-impossible
bust-out-of-the-hoosegow,Bust Out of the Hoosegow /,,full_page,beating-a-dead-horse
buster,Buster,,set_listing_only,munchkin-undead
but-theres-still-no-cake,But There's Still No Cake /,,full_page,munchkin-penny-arcade|penny-arcade
butcher,Butcher,Мясник,full_page,munchkin-zombies
butterfingers,Butterfingers,Жирные руки,full_page,half-horse-will-travel
buy-blood-red-dice,Buy Blood-Red Dice,Купи кроваво-красный кубик,full_page,munchkin-bites
buy-gm-an-action-figure,Buy GM An Action Figure,Фигурка для мастера,full_page,super-munchkin
buy-the-gm-new-miniatures,Buy the GM New Miniatures,Купи мастеру новые миньки,full_page,half-horse-will-travel
buzzboots,Buzzboots,Бажжжмаки,full_page,the-clown-wars
buzzglove,Buzzglove,Варежжжка,full_page,star-munchkin
ca-ching,Ca Ching,,set_listing_only,monky-business
caaaaaaanes,Caaaaaaanes!,Господааааа!,full_page,munchkin-zombies
cactus,Cactus,Кактуфли,full_page,armed-and-dangerous
cactus-jack,Cactus Jack /,,full_page,beating-a-dead-horse
cafeteria-lady,Cafeteria Lady,Повариха,full_page,munchkin-zombies
calamity-canceling-crawdad,Calamity-Canceling Crawdad /,,full_page,fairy-dust|munchkin-fairy-dust
calendar-stone,Calendar Stone,Календарный камень,full_page,apocalypse|munchkin-apocalypse
call-bs-on-gm,Call BS On GM /,,full_page,munchkin-penny-arcade|penny-arcade
call-of-the-wild,Call of the Wild,Зов предков,full_page,half-horse-will-travel
call-the-army,Call The Army,Позови вояк,full_page,munchkin-cthulhu
caltrops,Caltrops,Шипы,full_page,munchkin-booty
cam-shaft,Cam Shaft,Коленвал,full_page,munchkin-bites
camera-gun,Camera Gun /,,full_page,munchkin-impossible
cammo,Cammo,Камуфляжное,full_page,apocalypse|munchkin-apocalypse
camp-skillet,Camp Skillet /,,full_page,beating-a-dead-horse
campus-crusade-for-cthulhu,Campus Crusade for Cthulhu,Студенты за Ктулху,full_page,munchkin-cthulhu
can-of-gasoline,Can of Gasoline,Канистра бензина,full_page,apocalypse|munchkin-apocalypse
can-of-wyrms,Can of Wyrms /,,full_page,munchkin-dragons
can-opener,Can Opener,Открывашка,full_page,star-munchkin
can-opener-0,Can Opener /,,full_page,the-unspeakable-vault
can-opener-grenade,Can Opener Grenade,Броневскрывательная граната,full_page,the-clown-wars
can-ye-hold-yer-breath,Can Ye Hold Yer Breath? /,,full_page,jump-the-shark
candlestick,Candlestick /,,full_page,munchkin-naughty-nice|naughty-nice
candy,CANDY!!!!,,set_listing_only,munchkin-tricky-treats
candy-and-cola,Candy and Cola,Ментос и кола,full_page,munchkin-legends
candy-candy,Candy Candy /,,full_page,axe-cop|munchkin-axe-cop
candy-cane,Candy Cane /,,full_page,munchkin-naughty-nice|naughty-nice
cane-chucks,Cane-Chucks,Трость-чаки,full_page,munchkin-steampunk
cane-gatling-gun,Cane-Gatling Gun,Трость-гатлинг,set_listing_only,munchkin-steampunk
cane-pistol,Cane-Pistol,Трость-пистолет,full_page,munchkin-steampunk
cane-sword,Cane-Sword,Трость-меч,full_page,munchkin-steampunk
cane-toad,Cane Toad,Тростяная жаба,full_page,apocalypse|munchkin-apocalypse
canesaw,Canesaw,Трость-пила,full_page,munchkin-steampunk
canned-meat,Canned Meat,Консерва,full_page,munchkin-cthulhu
cannibal,Cannibal,Каннибал,full_page,munchkin-zombies
canteen-of-spleen,Canteen of Spleen,Фляжка-куражка,full_page,de-ranged
cantina,Cantina,Кантина,full_page,the-clown-wars
cape,Cape,Плащ,full_page,munchkin-bites
cape-0,Cape,Плащ,full_page,super-munchkin
cape-cod,Cape Cod,Тресковый плац,full_page,the-narrow-s-cape
cape-horn,Cape Horn,Плащ-горн,full_page,the-narrow-s-cape
cape-town,Cape Town,Плащ-город,full_page,the-narrow-s-cape
captain-corrosion,Captain Corrosion,Капитан Коррозин,full_page,super-munchkin
captain-kid,Captain Kid,Капитан Шкетт,full_page,munchkin-booty
captain-quirk,Captain Quirk,Капитан Квирк,full_page,star-munchkin
captains-coat,Captain's Coat,Мундир капитана,full_page,munchkin-booty
car-crusher,Car Crusher /,,full_page,munchkin-impossible
car-door,Car Door,Дверца от машины,full_page,munchkin-zombies
carbonated-holy-water,Carbonated Holy Water,Святая минералка,full_page,de-ranged
card-gaki,Card Gaki,,set_listing_only,monky-business
careen-the-futtock-shrouds,Careen the Futtock-Shrouds,Отдать паруса! Продуть трюмы!,full_page,munchkin-booty
carnivorous-plant,Carnivorous Plant,Плотоядное Растение,full_page,star-munchkin
carnivorous-st-augustine-grass,Carnivorous St. Augustine Grass,Плотоядная трава,full_page,apocalypse|munchkin-apocalypse
carolers,Carolers /,,full_page,santas-revenge
carrion-luggage,Carrion Luggage,Чемодан мертвеца,full_page,armed-and-dangerous
cascarones,Cascarones /,,full_page,munchkin-easter-eggs
cask-of-mead,Cask of Mead /,,full_page,munchkin-conan
casque-of-the-burning-skull,Casque of the Burning Skull /,,full_page,munchkin-conan
casting-couch,Casting Couch,Заклинательное ложе,full_page,clerical-errors
cat-a-pillar,Cat-a-pillar,Мяусеница,full_page,munchkin-kittens
cat-a-tonic,Cat-a-tonic,Кототоник,full_page,munchkin-kittens
cat-bats,Cat Bats,Котопыри,full_page,munchkin-bites
cat-ears,Cat Ears /,,full_page,monky-business
cat-girl,Cat Girl,Крошка-кошка,full_page,unnatural-axe
cat-got-your-tongue,Cat Got Your Tongue!,Кот его тянул за язык!,full_page,munchkin-kittens
cat-lady,Cat Lady,Старушка-кошатница,full_page,armed-and-dangerous
cat-o-nine-tails,Cat o' Nine Tails,Кошка-девятихвостка,full_page,munchkin-booty
cat-o’-nine-heads,Cat o’ Nine Heads,Кошка-девятиголовка,full_page,munchkin-kittens
cat-suit,Cat Suit /,,full_page,axe-cop|munchkin-axe-cop
cataclysmic,Cataclysmic,Катаклизмический,full_page,sheep-impact
catacombs,Catacombs /,,full_page,terrible-tombs
catamount,Catamount /,,full_page,the-good-the-bad-and-the-munchkin
cataphract,Cataphract,Лансекот,full_page,munchkin-kittens
catapult,Catapult,Котопульта,full_page,munchkin-kittens
catastrophe,Catastrophe!,Котострофа,full_page,munchkin-kittens
catboi-hireling,Catboi Hireling,Котяра-наёмничек,full_page,the-need-for-steed
caterwall,Caterwall,Кошачий вой стоит стеной,full_page,munchkin-kittens
catfish,Catfish,Мяурена,full_page,munchkin-booty
catnip,Catnip,Кошачья мята,full_page,munchkin-kittens
cattle-drive,Cattle Drive /,,full_page,the-good-the-bad-and-the-munchkin
cattlestar,Cattlestar /,,full_page,space-ships
cattywampus,Cattywampus /,,full_page,beating-a-dead-horse
catzathoth,Catzathoth /,,full_page,call-of-cowthulhu
cat’s-paw,Cat’s Paw,Кошачья лапка,full_page,munchkin-kittens
cavalry,Cavalry /,,full_page,beating-a-dead-horse
cavalry-boots,Cavalry Boots /,,full_page,beating-a-dead-horse
cavalry-lesabre,Cavalry LeSabre /,,full_page,beating-a-dead-horse
cavalry-sabre,Cavalry Sabre /,,full_page,beating-a-dead-horse
cave-in,Cave-In!,Обвал,full_page,demented-dungeon|demented-dungeons
cavern-of-archetypes,Cavern of Archetypes /,,full_page,crazed-caverns
celeritousness,Celeritousness,Акселеризм,full_page,munchkin-bites|pants-macabre
celestial-blessing,Celestial Blessing,,set_listing_only,monky-business
celestial-lightning-cattle-prod,Celestial Lightning Cattle Prod,Скотогонное Стрекало Поднебесных Молний,full_page,munchkin-fu
cell-phone,Cell Phone,Клеточный телефон,full_page,apocalypse|munchkin-apocalypse
cell-phone-gun,Cell Phone Gun /,,full_page,munchkin-impossible
cellophane-space-suit,Cellophane Space Suit,Целлофандр,full_page,star-munchkin
censer-of-censorship,Censer of Censorship,Кадило наставления на путь истинный,full_page,half-horse-will-travel
centaur,Centaur,Кентавр,full_page,half-horse-will-travel
centaur-hireling,Centaur Hireling,Кентавр-наёмничек,full_page,half-horse-will-travel
centaurpede,Centaurpede,Сороконяжка,full_page,half-horse-will-travel
cerberus,Cerberus,Цербер,full_page,munchkin-legends
cha-cha-people,Cha-Cha People /,,full_page,call-of-cowthulhu
chaaaaaaaains,Chaaaaaaaains!,Уздааааа!,full_page,armed-and-dangerous
chaffery,Chaffery,Сквалыжие,full_page,munchkin-bites
chain-link-fence,Chain Link Fence,Рабица,full_page,munchkin-zombies
chainmail-bikini,Chainmail Bikini,Кольчужное бикини,full_page,clerical-errors
chainsaw-cop,Chainsaw Cop /,,full_page,axe-cop|munchkin-axe-cop
chainsaw-gun,Chainsaw Gun /,,full_page,axe-cop|munchkin-axe-cop
chainsaw-of-bloody-dismemberment,Chainsaw of Bloody Dismemberment,Бензопила кровавого расчленения,full_page,munchkin
chair,Chair,Орудийное Кресло,full_page,star-munchkin
chairman-mao,Chairman Mao,,set_listing_only,monky-business
chamber-of-secretions,Chamber of Secretions /,,full_page,terrible-tombs
chameleon,Chameleon,Хамелеон,full_page,super-munchkin
champaaaaaaagne,Champaaaaaaagne!,Шампанское!,full_page,armed-and-dangerous
change-accent,Change Accent!,Смена акцента!,full_page,munchkin-booty
change-class,Change Class,Смена Класса,full_page,munchkin|munchkin-booty
change-powers,Change Powers /,,full_page,axe-cop|munchkin-axe-cop
change-race,Change Race,Смена Расы,full_page,munchkin|munchkin-bites|pants-macabre
change-sex,Change Sex,Смена пола,full_page,munchkin|munchkin-bites|munchkin-conan|munchkin-cthulhu|munchkin-fu|pants-macabre
change-your-class,Change Your Class,Смени класс,set_listing_only,munchkin-pathfinder
change-your-faction,Change Your Faction,Смени фракцию,set_listing_only,munchkin-pathfinder
changeling,Changeling,Подменыш,full_page,munchkin-bites|pants-macabre
chaos-potion,Chaos Potion,Зелье хаоса,full_page,munchkin-legends
charau-ka,Charau-Ka,Чарау-Ка,set_listing_only,munchkin-pathfinder
charisma,Charisma,Харизма,full_page,super-munchkin
charm-bracelet,Charm Bracelet,Браслет с очаровашками,set_listing_only,munchkin-pathfinder
charmed-circle,Charmed Circle /,,full_page,fairy-dust|munchkin-fairy-dust
chasm-of-cthulhu,Chasm of Cthulhu /,,full_page,crazed-caverns
cheat,Cheat!,Чит!,full_page,apocalypse|armed-and-dangerous|axe-cop|beating-a-dead-horse|call-of-cowthulhu|cheat-with-both-hands|clerical-errors|de-ranged|half-horse-will-travel|jump-the-shark|marvel-edition|moops-monster-mashup|munchkin|munchkin-apocalypse|munchkin-axe-cop|munchkin-bites|munchkin-booty|munchkin-christmas-lite|munchkin-conan|munchkin-cthulhu|munchkin-fu|munchkin-impossible|munchkin-legends|munchkin-oz|munchkin-pathfinder|munchkin-steampunk|munchkin-the-nightmare-before-christmas|munchkin-zombies|pants-macabre|sheep-impact|star-munchkin|the-clown-wars|the-good-the-bad-and-the-munchkin|the-need-for-steed|the-unspeakable-vault|unnatural-axe
cheat-death,Cheat Death /,,full_page,munchkin-impossible
cheat-like-theres-no-tomorrow,Cheat Like There's No Tomorrow,Чит Напропалую!,full_page,cheat-with-both-hands
cheat-with-both-hands,Cheat With Both Hands,Двуручный Чит!,full_page,cheat-with-both-hands
cheating-varmint,Cheating Varmint /,,full_page,the-good-the-bad-and-the-munchkin
cheerleader-smile,Cheerleader Smile,Улыбка болельщицы,full_page,the-narrow-s-cape
cheese-cape,Cheese Cape,Сырный плащ,full_page,the-narrow-s-cape
cheese-grater-of-peace,Cheese Grater of Peace,Сыротёрка-Миротворка,full_page,munchkin
cheese-wiz,Cheese Wiz,Сырный маг,full_page,the-narrow-s-cape
chelish,Chelish,Дьяволичельский,full_page,munchkin-pathfinder
chemical-mace,Chemical Mace,Химикалица,full_page,the-need-for-steed
chemical-spill,Chemical Spill,Разливные Химикалии,full_page,star-munchkin
chemist-m,Chemist M /,,full_page,axe-cop|munchkin-axe-cop
cherry-rainbow-flavor,Cherry Rainbow Flavor /,,full_page,axe-cop|munchkin-axe-cop
cheshire-cavern,Cheshire Cavern /,,full_page,terrible-tombs
chest-place-mat,Chest Place Mat /,,full_page,axe-cop|munchkin-axe-cop
chewing-tobaccy,Chewing Tobaccy /,,full_page,the-good-the-bad-and-the-munchkin
chibithulhu,Chibithulhu,Чибитулху,full_page,munchkin-cthulhu
chicken-brain-robots,Chicken Brain Robots /,,full_page,axe-cop|munchkin-axe-cop
chicken-head,Chicken Head /,,full_page,axe-cop|munchkin-axe-cop
chicken-kiev,Chicken Kiev,Цыплёнок по-киевски,full_page,sheep-impact
chicken-on-your-head,Chicken on Your Head,Курица на башне,full_page,munchkin
chicken-steed,Chicken Steed,Несущийся цыплёнок,full_page,the-need-for-steed
chihuahua-gun,Chihuahua Gun /,,full_page,munchkin-impossible
children-of-jhil,Children of Jhil /,,full_page,munchkin-conan
chimera,Chimera,Химера,full_page,cheat-with-both-hands
chinese,Chinese /,,full_page,munchkin-impossible
chinese-feud-to-go,Chinese Feud to Go,,set_listing_only,monky-business
chinese-takeout,Chinese Takeout /,,full_page,munchkin-impossible
chk-chk-chk,Chk-Chk-Chk /,,full_page,call-of-cowthulhu
chocolate,Chocolate /,,full_page,munchkin-easter-eggs
chocolate-bunny,Chocolate Bunny,Шоколадный кролик,full_page,half-horse-will-travel
chooser-of-the-path,Chooser of the Path /,,full_page,crazed-caverns
christmas-goose,Christmas Goose /,,full_page,munchkin-naughty-nice|naughty-nice
christmas-present-bomb,Christmas Present Bomb /,,full_page,axe-cop|munchkin-axe-cop
christmas-star,Christmas Star /,,full_page,santas-revenge
christmas-sweater,Christmas Sweater,Рождественский свитер,full_page,half-horse-will-travel
christmas-tree,Christmas Tree /,,full_page,reindeer-games
christmas-wrapping,Christmas Wrapping /,,full_page,santas-revenge
chromosome-switch,Chromosome Switch,Хромосомный Сдвиг,full_page,star-munchkin
chthonians,Chthonians! /,,full_page,the-unspeakable-vault
chuck-wagon,Chuck Wagon /,,full_page,the-good-the-bad-and-the-munchkin
chum-bucket,Chum Bucket,Ведро отбросов,full_page,munchkin-booty
cigar-store-indian,Cigar Store Indian /,,full_page,the-good-the-bad-and-the-munchkin
cigarette-dart-gun,Cigarette Dart Gun /,,full_page,munchkin-impossible
cigarette-smoking-maniac,Cigarette Smoking Maniac /,,full_page,munchkin-impossible
cimmerian,Cimmerian /,,full_page,munchkin-conan
cimmerian-axe,Cimmerian Axe /,,full_page,munchkin-conan
citizens’-band,Citizens’ Band,Гражданская оборона,full_page,apocalypse|munchkin-apocalypse
city-state-of-the-invisible-underwear,City-State of the Invisible Underwear /,,full_page,terrible-tombs
city-watch,City Watch /,,full_page,munchkin-conan
civil-war-cannon,Civil War Cannon /,,full_page,the-good-the-bad-and-the-munchkin
claim-jumper,Claim Jumper /,,full_page,the-good-the-bad-and-the-munchkin
clam,Clam,Устрик,full_page,munchkin-booty
clamera,Clamera,,set_listing_only,monky-business
clamity-jane,Clamity Jane /,,full_page,the-good-the-bad-and-the-munchkin
clan-destin,Clan Destin /,,full_page,munchkin-impossible
claw-boots,Claw Boots,Когтинки,full_page,the-narrow-s-cape
claws,Claws,Когти,full_page,super-munchkin
clay-warrior,Clay Warrior,,set_listing_only,monky-business
clean-socks,Clean Socks,Чистые носки,full_page,apocalypse|munchkin-apocalypse
clear-the-dungeon,Clear the Dungeon,Зачисти подземелье,full_page,munchkin-pathfinder
cleared-the-dungeon,Cleared the Dungeon!,Зачищенное подземелье!,full_page,demented-dungeon|demented-dungeons
cleavage-stun,Cleavage Stun,Ложбиночное ошеломление,full_page,super-munchkin
cleaver-of-err-cleaving,"Cleaver of, err, Cleaving",,set_listing_only,monky-business
cleric,Cleric,Клирик,full_page,clerical-errors|munchkin|munchkin-conan|munchkin-legends|the-need-for-steed|unnatural-axe
cleric-hireling,Cleric Hireling,Клирик-наёмничек,full_page,the-need-for-steed
clerical-error,Clerical Error,Клирическая ошибка,full_page,clerical-errors
clever-disguise,Clever Disguise /,,full_page,munchkin-impossible
cleverly-disguised,Cleverly Disguised,,set_listing_only,monky-business
clickyman,Clickyman,Кликман,full_page,super-munchkin
cloak-of-dis-guy,Cloak of Dis Guy,Плащ перевода стрелок,set_listing_only,munchkin-pathfinder
cloak-of-obscurity,Cloak of Obscurity,Плащ Неизвестности,full_page,munchkin
clocktopus,Clocktopus,Часминог,full_page,munchkin-steampunk
clockwork-wings,Clockwork Wings /,,full_page,fish-ships
clown-fu,Clown Fu,Клоун-Фу,full_page,munchkin-fu
clownfish,Clownfish /,,full_page,jump-the-shark
clowntrooper,Clowntrooper,Солдат-клоун,full_page,the-clown-wars
clumsy,Clumsy,Колченогость,full_page,half-horse-will-travel
coat-of-arms,Coat of Arms,Рукобойник,full_page,unnatural-axe
cobra-crown,Cobra Crown /,,full_page,munchkin-conan
cockatrice,Cockatrice,Кукаректриса,full_page,de-ranged
cockroach,Cockroach,Таракан,full_page,sheep-impact
code-of-the-west,Code of the West /,,full_page,the-good-the-bad-and-the-munchkin
codpiece,Codpiece,Ершистый гульфик,set_listing_only,munchkin-pathfinder
coffin,Coffin,Гроб на колёсиках,full_page,munchkin-bites
coffin-0,Coffin,Гроб,full_page,armed-and-dangerous
cog-nitive-disorder,Cog-nitive Disorder!,Кариес зубчиков,set_listing_only,munchkin-steampunk
coggoth,Coggoth,Мехогот,full_page,munchkin-cthulhu
cogwheel-cuirass,Cogwheel Cuirass,Панцирный корсаж,full_page,munchkin-steampunk
col-kernel,Col. Kernel,Полковник Кукурузо,full_page,the-narrow-s-cape
colander,Colander,Дуршлаг,full_page,apocalypse|munchkin-apocalypse
cold-iron,Cold Iron,Стылое железо,full_page,munchkin-bites
cold-virus,Cold Virus,Вирус простуды,full_page,apocalypse|munchkin-apocalypse
cold-warrior,Cold Warrior /,,full_page,munchkin-impossible
cold-waves,Cold Waves,Волны холода,full_page,the-narrow-s-cape
collapsible-toothbrush,Collapsible Toothbrush,Складная зубная щётка,full_page,apocalypse|munchkin-apocalypse
collect-rare-orchid,Collect Rare Orchid,Найди редкую орхидею,set_listing_only,munchkin-steampunk
comics-code-violation,Comics Code Violation,Нарушение кодекса комиксов,full_page,the-narrow-s-cape
commando-raid,Commando Raid,Катастрофа! Набег диверсантов,full_page,apocalypse|munchkin-apocalypse
commie,Commie,Коммуняцкий,full_page,apocalypse|munchkin-apocalypse
commodity-exchange,Commodity Exchange /,,full_page,munchkin-the-guild
common-hooligans,Common Hooligans,Обычная шпана,full_page,munchkin-steampunk
communist-party,Communist Party /,,full_page,munchkin-impossible
commutation,Commutation /,,full_page,pants-macabre
complete-set-of-obsolete-books,Complete Set of Obsolete Books,Полное собрание устаревших книг,full_page,munchkin-bites
compound-bow,Compound Bow,Навороченный лук,full_page,apocalypse|munchkin-apocalypse
compulsive,Compulsive,Маниакальный,full_page,half-horse-will-travel
compulsively-leaves-clues,Compulsively Leaves Clues,Непроизвольно оставляющий улики,full_page,super-munchkin
computer-virus,Computer Virus,Компьютерный Вирус,full_page,star-munchkin
computerized,Computerized,Компьютерный,full_page,star-munchkin
comrade-balthus,Comrade Balthus /,,full_page,munchkin-conan
comrade-murilo,Comrade Murilo /,,full_page,munchkin-conan
comrade-pelias,Comrade Pelias /,,full_page,munchkin-conan
comrade-prospero,Comrade Prospero /,,full_page,munchkin-conan
comrade-taurus-of-nemedia,Comrade Taurus of Nemedia /,,full_page,munchkin-conan
comrade-zelata-the-witch,Comrade Zelata the Witch /,,full_page,munchkin-conan
conan-helps-out,Conan Helps Out /,,full_page,munchkin-conan
conan-helps-out-0,Conan Helps Out,Конан на час,full_page,munchkin-promo
conan-is-drunk-again,Conan Is Drunk Again! /,,full_page,munchkin-conan
concealed-weapon,Concealed Weapon /,,full_page,munchkin-skullkickers|skullkickers
confused,Confused,Затупил,full_page,munchkin-zombies
congresscritter,Congresscritter,Политикан,full_page,armed-and-dangerous
congressional-hearing,Congressional Hearing,Слушание в конгрессе,full_page,super-munchkin
contagious-glory,Contagious Glory /,,full_page,munchkinomicon
contemplate-your-hopeless-existence,Contemplate Your Hopeless Existence,Поразмысли о бессмысленности жизни,full_page,munchkin-bites
contemplate-your-navel,Contemplate Your Navel,Созерцай пупок,full_page,unnatural-axe
continuity-error,Continuity Error,Нестыковки в истории,full_page,super-munchkin
continuity-error-0,Continuity Error,Сюжетный ляп,full_page,the-clown-wars
contrived-escape,Contrived Escape,Планы отхода,full_page,super-munchkin
convenient-addition-error,Convenient Addition Error,Выгодная ошибка ...,full_page,munchkin
convenient-handles,Convenient Handles,Ухватистые ручки,full_page,clerical-errors
cop,Cop /,,full_page,axe-cop|munchkin-axe-cop
cop-hat,Cop Hat /,,full_page,axe-cop|munchkin-axe-cop
copper-bopper,Copper Bopper,На медном посохе нехилый набалдашник,set_listing_only,munchkin-steampunk
copper-chef,Copper Chef,Медный повар,set_listing_only,munchkin-pathfinder
copyright-infringement,Copyright Infringement,Нарушение авторских прав,full_page,super-munchkin
corporate-drone,Corporate Drone,Беспилотный летательный бюрократ,full_page,sheep-impact
corpse-giant,Corpse Giant /,,full_page,munchkin-skullkickers|skullkickers
corrupt,Corrupt,Гнилой,full_page,munchkin-bites
corrupted-by-power,Corrupted By Power,Спесивая сила,full_page,munchkin-cthulhu
cosmic-string,Cosmic String,Космическая струна,full_page,the-clown-wars
cosmic-understanding,Cosmic Understanding,Космическое понимание,full_page,star-munchkin
costume-as-your-character,Costume As Your Character,Оденься как твой персонаж,full_page,the-need-for-steed
cotion-of-ponfusion,Cotion of Ponfusion,Пелье Зутаницы,full_page,munchkin
count-strodd-the-odd,Count Strodd the Odd /,,full_page,pants-macabre
counter-spy,Counter Spy /,,full_page,munchkin-impossible
county-sheriff,County Sheriff,Шериф,full_page,munchkin-zombies
covered-in-tp,Covered in T.P.,,set_listing_only,munchkin-tricky-treats
cow-chip,Cow Chip /,,full_page,the-good-the-bad-and-the-munchkin
cowboy,Cowboy,Ковбой,full_page,the-good-the-bad-and-the-munchkin
cowl-of-cthulhu,Cowl of Cthulhu /,,full_page,munchkin-cthulhu
cowpuncher,Cowpuncher /,,full_page,the-good-the-bad-and-the-munchkin
cowthulhu,Cowthulhu /,,full_page,call-of-cowthulhu
coyote,Coyote /,,full_page,the-good-the-bad-and-the-munchkin
craaaaaaaains,Craaaaaaaains!,Не тудааааа!,full_page,armed-and-dangerous
crabs,Crabs,Вошки,full_page,munchkin
craft-ale,Craft Ale,Крафтовый эль,full_page,munchkin-hipsters
crane-kung-fu,Crane Kung Fu,,set_listing_only,monky-business
crass-kringle,Crass Kringle /,,full_page,waiting-for-santa
crawl-through-air-vents,Crawl Through Air Vents,Пробраться через вентиляцию,full_page,the-clown-wars
crawling-hand,Crawling Hand,Рука-ползунья,full_page,unnatural-axe
crazy-cat-lady,Crazy Cat Lady,Сильная и независимая кошечка,full_page,munchkin-kittens
created-using-cinematic-rules,Created Using Cinematic Rules,Герой киношного формата,full_page,munchkin-cthulhu
creature-from-the-pink-lagoon,Creature From The Pink Lagoon,Тварь из Розовой Лагуны,full_page,star-munchkin
creeptonite,Creeptonite,Крептонит,full_page,super-munchkin
creepy-isolated-cabin-of-the-dead,Creepy Isolated Cabin of the Dead /,,full_page,hideous-hideouts
crevasse-of-the-chthonians,Crevasse Of the Chthonians /,,full_page,crazed-caverns
cricket-bat,Cricket Bat /,,full_page,pants-macabre
critical-hit,Critical Hit,Критическое попадалово,full_page,de-ranged
croc-pot,Croc Pot,Кроковарка,full_page,half-horse-will-travel
crom-wills-it,Crom Wills It! /,,full_page,munchkin-conan
cross-bow,Cross Bow,Сердолук,full_page,the-need-for-steed
cross-haul-the-mizzenbrace,Cross-Haul the Mizzenbrace,Взять широту! Держать курс!,full_page,munchkin-booty
crown-of-fangs,Crown of Fangs,Клыкорона,set_listing_only,munchkin-pathfinder
crows-nest,Crow's Nest,Воронье гнездо,full_page,munchkin-booty
cruise-ship-of-the-dead,Cruise Ship of the Dead /,,full_page,hideous-hideouts
crumbling-cliff,Crumbling Cliff,Коварный утёс,full_page,super-munchkin
crummy-old-boots,Crummy Old Boots /,,full_page,the-good-the-bad-and-the-munchkin
crunchy-cultists,Crunchy Cultists /,,full_page,the-unspeakable-vault
crusty-old-prospector,Crusty Old Prospector /,,full_page,the-good-the-bad-and-the-munchkin
crypt-kiddies,Crypt Kiddies /,,full_page,pants-macabre
crypto-bolshevik-insurrectionist,Crypto-Bolshevik Insurrectionist,Бунтовщик- криптобольшевик,full_page,munchkin-steampunk
crypts-of-innsmouth,Crypts of Innsmouth /,,full_page,crazed-caverns
crystal-armor,Crystal Armor,Кристальная броня,full_page,super-munchkin
crystal-ball,Crystal Ball,Хрустальный шар,full_page,munchkin-legends
cthulhu-bumper-sticker,Cthulhu Bumper Sticker,Наклейка Ктулху на бампер,full_page,munchkin-cthulhu
cube-farm-of-the-dead,Cube Farm of the Dead /,,full_page,hideous-hideouts
cuirass,Cuirass,Кираса,full_page,munchkin-booty
cult-meeting,Cult Meeting,Съезд культа,full_page,munchkin-cthulhu
cult-membership-card,Cult Membership Card,Удостоверение члена культа,full_page,munchkin-cthulhu
cultist,Cultist,Культист,full_page,call-of-cowthulhu|munchkin-cthulhu|the-unspeakable-vault
cultist-minion,Cultist Minion,Миньон-культист,full_page,munchkin-bites
cultist-t-shirt,Cultist T-Shirt /,,full_page,the-unspeakable-vault
curried-dodo,Curried Dodo!,Додонок табака,full_page,munchkin-steampunk
curse-of-the-cat-goddess,Curse of the Cat Goddess! /,,full_page,munchkin-conan
curse-wrong-size,Curse! Wrong Size! /,,full_page,munchkin-naughty-nice|naughty-nice
cursed-thingy,Cursed Thingy,Проклятая шняга,full_page,unnatural-axe
cut-in-line,Cut in Line,Пролезь без очереди,full_page,munchkin-promo
cute-little-kid,Cute Little Kid,Маленький мерзавец,full_page,munchkin-zombies
cute-little-purse-gun,Cute Little Purse Gun /,,full_page,munchkin-impossible
cute-shoulder-dragon,Cute Shoulder Dragon,Милый наплечный дракон,full_page,unnatural-axe
cutlad,Cutlad,Абордажный сабель,full_page,munchkin-booty
cutlass,Cutlass,Абордажная сабля,full_page,munchkin-booty
cutlass-supreme,Cutlass Supreme /,,full_page,jump-the-shark
cutter,Cutter,Отсекатер,full_page,munchkin-booty
cutting-remark,Cutting Remark,Колкие слова,full_page,munchkin-bites
cutty-shark,Cutty Shark /,,full_page,jump-the-shark
cyberdeck,Cyberdeck,Киберклава,full_page,star-munchkin
cyberspace-hq,Cyberspace HQ,Штаб-Матрица,full_page,the-narrow-s-cape
cyborg,Cyborg,Киборг,full_page,star-munchkin|the-clown-wars
cycle-gang,Cycle Gang,Банда байкеров,full_page,munchkin-zombies
cyclops,Cyclops,Циклоп,full_page,de-ranged
cytillesh-potion,Cytillesh Potion,Зелье цитиллеш,set_listing_only,munchkin-pathfinder
daaaaaaaanes,Daaaaaaaanes!,Ордааааа!,full_page,armed-and-dangerous
dad-blasted,Dad-Blasted /,,full_page,beating-a-dead-horse
dagger-of-treachery,Dagger of Treachery,Кинжал Измены,full_page,munchkin
dagoon,Dagoon /,,full_page,the-unspeakable-vault
dance,Dance!!! /,,full_page,the-good-the-bad-and-the-munchkin
dance-with-baby-man,Dance With Baby Man /,,full_page,axe-cop|munchkin-axe-cop
dancing,Dancing,Пляшущий,full_page,munchkin-fu
daniel-boom,Daniel Boom /,,full_page,the-good-the-bad-and-the-munchkin
daredevil,Daredevil,Сорвиголова,full_page,sheep-impact
darfar-cannibals,Darfar Cannibals /,,full_page,munchkin-conan
dark,Dark /,,full_page,munchkin-reloaded
dark-compact,Dark Compact,Тени тьмы,full_page,munchkin-bites
davy-croc,Davy Croc /,,full_page,the-good-the-bad-and-the-munchkin
davy-jones,Davy Jones,Дэйви Джонс,full_page,munchkin-booty
davy-jones-dckrs,Davy Jones' D*ck*rs,Пара брюк Дэйви Джонса,full_page,munchkin-booty
davy-jones-knocker,Davy Jones' Knocker,Перестук Дэйви Джонса,full_page,munchkin-booty
davy-jones-lacquer,Davy Jones' Lacquer /,,full_page,jump-the-shark
davy-jones-lager,Davy Jones' Lager /,,full_page,jump-the-shark
davy-jones-leaker,Davy Jones' Leaker /,,full_page,jump-the-shark
davy-jones-locker,Davy Jones' Locker,Рундук Дэйви Джонса,full_page,munchkin-booty
davy-jones-lucre,Davy Jones' Lucre /,,full_page,jump-the-shark
davy-jones-soccer,Davy Jones' Soccer,Футбольный трюк Дэйви Джонса,full_page,munchkin-booty
dazer,Dazer,Дремазер,full_page,star-munchkin
de-cap-itation,De-Cap-itation,Головняк с плеч,full_page,half-horse-will-travel
de-feet-ed,De-Feet-ed,Отстопление,full_page,munchkin-legends
dead,Dead,Мёртвые не кусаются,full_page,unnatural-axe
dead-battery,Dead Battery /,,full_page,pants-macabre
dead-broke,Dead Broke,Банкрот,full_page,unnatural-axe
dead-end,Dead End,Безысходность,full_page,munchkin-bites
dead-end-passage,Dead-End Passage,Тупик,set_listing_only,munchkin-pathfinder
dead-friend,Dead Friend /,,full_page,pants-macabre
dead-giveaway,Dead Giveaway,Останки для приманки,full_page,munchkin-zombies
dead-goldfish,Dead Goldfish /,,full_page,pants-macabre
dead-head,Dead Head,Хипарь,full_page,munchkin-zombies
dead-last,Dead Last,Дохлый номер,full_page,munchkin-zombies
dead-mans-hand,Dead Man's Hand /,,full_page,the-good-the-bad-and-the-munchkin
dead-on-your-feet,Dead On Your Feet!,Смертельная усталость,full_page,armed-and-dangerous
dead-parrot,Dead Parrot /,,full_page,pants-macabre
dead-pool,Dead Pool /,,full_page,terrible-tombs
dead-ringer,Dead Ringer,Могильный звон,full_page,de-ranged
dead-roses,Dead Roses /,,full_page,pants-macabre
dead-stop,Dead Stop,Встрял намертво,full_page,munchkin-zombies
death-mask,Death Mask,Маска смерти,full_page,munchkin-legends
death-mints,Death Mints,,set_listing_only,munchkin-undead
death-rattle,Death Rattle,Предсмертная похрипушка,full_page,de-ranged
death-tax,Death Tax,Налог на смерть,full_page,munchkin-zombies
death-touch,Death-Touch,,set_listing_only,monky-business
deathweb,Deathweb,Смертопряд,full_page,munchkin-pathfinder
decaying-flab,Decaying Flab,Рыхлое пузо,full_page,munchkin-zombies
decemvirate-helm,Decemvirate Helm,Шлем децемвирата,set_listing_only,munchkin-pathfinder
deck-of-too-many-things,Deck Of Too Many Things,Колода слишком многих вещей,full_page,unnatural-axe
deely-boppers,Deely-Boppers,Праздничные антенны,full_page,star-munchkin
deep-cover-assignment,Deep Cover Assignment /,,full_page,munchkin-impossible
deep-crow,Deep Crow /,,full_page,munchkin-penny-arcade|penny-arcade
deepoines,Deepoines /,,full_page,the-unspeakable-vault
defective-defector,Defective Defector /,,full_page,munchkin-impossible
dehydrated-ninja,Dehydrated Ninja /,,full_page,munchkin-impossible
dehydrated-water,Dehydrated Water,Обезвоженная вода,full_page,apocalypse|munchkin-apocalypse
dehydration,Dehydration /,,full_page,jump-the-shark
demigod,Demigod,Полубог,full_page,munchkin-legends
demolitions-training,Demolitions Training /,,full_page,munchkin-impossible
demon-child,Demon Child,Дитя дьявола,full_page,sheep-impact
demon-possessed,Demon-Possessed,Обжитой Демоном,full_page,munchkin-fu
demon-rum,Demon Rum,Демонический ром,full_page,munchkin-booty
demon-sword,Demon Sword,Демон-меч,full_page,munchkin-bites
den-of-the-dholes,Den of the Dholes /,,full_page,crazed-caverns
denebian-rum,Denebian Rum,Денебский Ром,full_page,star-munchkin
deputys-badge,Deputy's Badge /,,full_page,beating-a-dead-horse|the-good-the-bad-and-the-munchkin
derringer,Derringer /,,full_page,the-good-the-bad-and-the-munchkin
destroy-the-guardian,Destroy the Guardian,Сокруши хранителя,full_page,apocalypse|munchkin-apocalypse
destroying-angel,Destroying Angel,Ангел разрушения,full_page,apocalypse|munchkin-apocalypse
deus-ex-machinegun,Deus Ex Machinegun,Расправедники,full_page,clerical-errors
devil-from-the-outer-dark,Devil From The Outer Dark /,,full_page,munchkin-conan
diadem-of-demented-dexterity,Diadem of Demented Dexterity,Медальон маньячного многоручия,full_page,de-ranged
diamondback-rattler,Diamondback Rattler /,,full_page,the-good-the-bad-and-the-munchkin
diamondoid-teeth,Diamondoid Teeth,Брильянтовй Прикус,full_page,star-munchkin
dice-lice,Dice Lice,Костяные вошки,full_page,de-ranged
dicing-with-death,Dicing With Death /,,full_page,hideous-hideouts
didnt-stay-dead,Didn't Stay Dead,Не берет его земля!,full_page,super-munchkin
digital-cloak,Digital Cloak,Временный плащ,full_page,munchkin-legends
ding-bats,Ding Bats,Набатопыри,full_page,munchkin-bites
dino-head-on-a-stick-with-bombs-in-it,Dino Head On A Stick With Bombs In It /,,full_page,axe-cop|munchkin-axe-cop
dinosaur,Dinosaur,Динозавр,full_page,super-munchkin
dinosaur-0,Dinosaur /,,full_page,axe-cop|munchkin-axe-cop
dinosaur-horn,Dinosaur Horn /,,full_page,axe-cop|munchkin-axe-cop
diploma-from-evil-university,Diploma from Evil University,Диплом университета злодеев,full_page,the-narrow-s-cape
diplomatic-immunity,Diplomatic Immunity /,,full_page,munchkin-impossible
dire,Dire,Свирепый,full_page,cheat-with-both-hands
dire-0,Dire,Лютый,full_page,munchkin-legends
dire-teddy-bear,Dire Teddy Bear /,,full_page,munchkin-penny-arcade|penny-arcade
direct-to-video-sequel,Direct To Video Sequel,Империя Наносит Ответный Удар,full_page,cheat-with-both-hands
directors-cut-with-extra-bonus-scenes,Director's Cut with Extra Bonus Scenes,Режиссёрская Версия с Добавленными Эпизодами,full_page,munchkin-fu
directors-edition-special-cut,Director's Edition Special Cut,Режиссёрская версия,full_page,the-clown-wars
dirk,Dirk /,,full_page,jump-the-shark
dirty-laundry,Dirty Laundry,Нестирун,full_page,cheat-with-both-hands
disarmed,Disarmed /,,full_page,munchkin-impossible
disarming-move,Disarming Move,Обезручивающий приём,full_page,munchkin-zombies
disaster-proof-tent,Disaster-Proof Tent,Антикатастрофная палатка,full_page,apocalypse|munchkin-apocalypse
discard-clever-disguise,Discard Clever Disguise /,,full_page,munchkin-impossible
discover-a-new-life-form,Discover a New Life Form,Открой новую форму жизни,full_page,the-clown-wars
discover-family-history,Discover Family History,Раскрой семейную тайну,full_page,munchkin-cthulhu
discover-philadelphia,Discover Philadelphia,Открой Филадельфию,set_listing_only,munchkin-steampunk
diseased-spit,Diseased Spit,Хворохарканье,full_page,munchkin-zombies
disemvoweled,Disemvoweled,Катастрофа! Обезгласение,full_page,sheep-impact
disguise-in-a-can,Disguise In A Can /,,full_page,munchkin-impossible
disguise-yourself-as-a-robot,Disguise Yourself as a Robot,Прикинься роботом,full_page,munchkin-steampunk
disgustingly,Disgustingly,Отвратительный,full_page,cheat-with-both-hands
disowned,Disowned! /,,full_page,munchkin-conan
ditched,Ditched! /,,full_page,crazed-caverns
div,Div,Див,set_listing_only,munchkin-pathfinder
divers-helmet,Diver's Helmet /,,full_page,jump-the-shark
divine-intervention,Divine Intervention,Божественное вмешательство,full_page,munchkin
doctor-deathbreath,Doctor Deathbreath,Доктор Смертодыхов,full_page,super-munchkin
doctor-dumm,Doctor Dumm,Доктор Чайник,full_page,the-narrow-s-cape
doctor-jackal,Doctor Jackal /,,full_page,pants-macabre
dog-star,Dog Star,Дог-звезда,full_page,the-clown-wars
dogbot,Dogbot,Соборобот,full_page,star-munchkin
dogfish,Dogfish,Гавкула,full_page,munchkin-booty
doggoth,Doggoth /,,full_page,call-of-cowthulhu
dogpile,Dogpile,Куча Мала,full_page,cheat-with-both-hands
dogslicer,Dogslicer,Собачий тесак,set_listing_only,munchkin-pathfinder
dojo-of-the-dead,Dojo of the Dead /,,full_page,hideous-hideouts
dolly,Dolly,Куколка,full_page,munchkin-steampunk
dominion,Dominion,Господство,full_page,munchkin-bites
donkey-rat,Donkey Rat,Ослокрыс,set_listing_only,munchkin-pathfinder
dont-call-me-shirley,Don't Call Me Shirley!,Не Называй Меня Малышкой,full_page,cheat-with-both-hands
doppleganger,Doppleganger,Доппельгангер,full_page,munchkin
dopplegangsters,Dopplegangsters,Доппельгангстеры,full_page,clerical-errors
double-agent,Double Agent /,,full_page,munchkin-impossible
double-barreled-slingshot,Double-Barreled Slingshot,Трёхрогая рогатка,full_page,apocalypse|munchkin-apocalypse
double-dragon,Double Dragon /,,full_page,dragons-trike
double-life,Double Life,Двойная жизнь,set_listing_only,munchkin-pathfinder
double-mojo,Double Mojo,Дважды моджо,full_page,armed-and-dangerous|munchkin-zombies
dr-jekyll-and-mr-hydra,Dr. Jekyll and Mr. Hydra,,set_listing_only,dragons-trike
dr-kromedome,Dr. Kromedome,Доктор Хромолоб,full_page,the-clown-wars
dr-maybe,Dr. Maybe /,,full_page,munchkin-impossible
dr-oglethorpe’s-concentrated-steak-drops,Dr. Oglethorpe’s Concentrated Steak Drops,Концентрированные говяжьи капли доктора Оглторпа,full_page,munchkin-steampunk
dr-stinky-head,Dr. Stinky Head /,,full_page,axe-cop|munchkin-axe-cop
draaiiiiinnnnns,Draaiiiiinnnnns!,Кудаааа!,full_page,munchkin-zombies
drag-on-and-on-and-on,Drag On . . . and On . . . and On . . .,,set_listing_only,dragons-trike
dragged-off-to-snarkham-asylum,Dragged Off To Snarkham Asylum,Упекли в психушку Снаркхэма,full_page,munchkin-cthulhu
dragon-ass,Dragon Ass /,,full_page,munchkin-dragons
dragon-balls,Dragon Balls /,,full_page,munchkin-dragons
dragon-borne,Dragon Borne,,set_listing_only,dragons-trike
dragon-claus,Dragon Claus /,,full_page,munchkin-dragons
dragon-claw-wakizashi,Dragon Claw Wakizashi,Вакидзаси Коготь Дракона,full_page,munchkin-fu
dragon-flagon,Dragon Flagon /,,full_page,munchkin-dragons
dragon-helm,Dragon Helm,,set_listing_only,monky-business
dragon-queen,Dragon Queen /,,full_page,munchkin-dragons
dragon-racer,Dragon Racer /,,full_page,munchkin-dragons
dragon-scale-armor,Dragon Scale Armor,,set_listing_only,dragons-trike
dragon-steed,Dragon Steed,Ездовой дракон,full_page,the-need-for-steed
dragon-tooth-katana,Dragon Tooth Katana,Катана Зуб Дракона,full_page,munchkin-fu
dragonfly,Dragonfly /,,full_page,munchkin-dragons
dragonne-with-the-wind,Dragonne With the Wind,,set_listing_only,dragons-trike
dragons-trike,Dragon's Trike,,set_listing_only,dragons-trike
dragonskin-armor,Dragonskin Armor,Броня из драконьей шкуры,full_page,munchkin-legends
dragon’s-teeth,Dragon’s Teeth,Драконьи зубы,full_page,munchkin-legends
dragoon,Dragoon,,set_listing_only,dragons-trike
dragula,Dragula /,,full_page,munchkin-dragons
dramatic-sound-effect,Dramatic Sound Effect! /,,full_page,munchkin-skullkickers|skullkickers
dress-sword,Dress Sword,Меч-платенец,set_listing_only,munchkin-steampunk
drill-chicks,Drill Chicks /,,full_page,axe-cop|munchkin-axe-cop
drivers-ed-trainin,Driver's Ed Trainin /,,full_page,munchkin-impossible
driving-a-steamroller,Driving a Steamroller,На катке,full_page,munchkin-zombies
driving-boat,Driving Boat /,,full_page,munchkin-impossible
drooling,Drooling /,,full_page,the-unspeakable-vault
drooling-slime,Drooling Slime,Сочащаяся слизь,full_page,munchkin
drop-dead-gorgeous,Drop Dead Gorgeous,Смерть тебе к лицу,full_page,armed-and-dangerous
drugged-wine,Drugged Wine /,,full_page,munchkin-conan
druid,Druid,Друид,full_page,de-ranged
druid-fluid,Druid Fluid,Друидский фрэш,full_page,unnatural-axe
drunk,Drunk,Пьяный,full_page,cheat-with-both-hands
drunken,Drunken,Пьяный,full_page,munchkin-fu
dry-ice,Dry Ice,Сухой лёд,full_page,sheep-impact
dryad,Dryad,Дриада,full_page,clerical-errors
duck,Duck /,,full_page,axe-cop|munchkin-axe-cop
duck-billed-catapuss,Duck-Billed Catapuss,Уткотнос,full_page,munchkin-kittens
duck-egg-bomb,Duck Egg Bomb /,,full_page,axe-cop|munchkin-axe-cop
duck-foot-pistol,Duck Foot Pistol /,,full_page,jump-the-shark
duck-of-doom,Duck of Doom,Роковой нырок,full_page,munchkin
duck-of-earl,Duck of Earl,Утка Эрла,full_page,the-need-for-steed
duck-of-many-things,Duck of Many Things,Раздаютка,full_page,clerical-errors
duct-tape,Duct Tape,Изолента,full_page,star-munchkin
dude,Dude,Пижон,full_page,the-good-the-bad-and-the-munchkin
dude-wrench,Dude Wrench /,,full_page,the-good-the-bad-and-the-munchkin
dumped-into-ocean,Dumped Into Ocean,Сброшен в океан,full_page,the-narrow-s-cape
dung-eon,Dung Eon /,,full_page,terrible-tombs
dungeon-of-cinematic-encumbrance-limits,Dungeon of Cinematic Encumbrance Limits,Подземелье Невыносимой Выносливости,full_page,demented-dungeon|demented-dungeons
dungeon-of-comprehensive-curses,Dungeon of Comprehensive Curses,Подземелье Переработанных Проклятий,full_page,demented-dungeon|demented-dungeons
dungeon-of-deadly-deathful-death,Dungeon of Deadly Deathful Death,Подземелье Cмертельно Cмертоносной Cмерти,full_page,demented-dungeon|demented-dungeons
dungeon-of-double-trouble,Dungeon of Double Trouble /,,full_page,terrible-tombs
dungeon-of-effulgent-equity,Dungeon of Effulgent Equity /,,full_page,terrible-tombs
dungeon-of-elvish-excess,Dungeon of Elvish Excess,Подземелье Эльфийской Эволюции,full_page,demented-dungeon|demented-dungeons
dungeon-of-enforced-holiday-cheer,Dungeon of Enforced Holiday Cheer /,,full_page,terrible-tombs
dungeon-of-even-more-rampant-cheating-than-usual,Dungeon of Even More Rampant Cheating Than Usual,"Подземелье Гораздо Более Наглого Мухлежа, Чем Обычно",full_page,demented-dungeon|demented-dungeons
dungeon-of-extra-effort,Dungeon of Extra Effort,Подземелье Тщетных Трудов,full_page,demented-dungeon|demented-dungeons
dungeon-of-false-pride-and-chicken-salad,Dungeon of False Pride and Chicken Salad /,,full_page,terrible-tombs
dungeon-of-feeble-foes,Dungeon of Feeble Foes,Подземелье Презренных Противников,full_page,demented-dungeon|demented-dungeons
dungeon-of-foul-filthy-flypaper-floors,Dungeon Of Foul Filthy Flypaper Floors,Подземелье Коварных Клейких Коридоров,full_page,demented-dungeon|demented-dungeons
dungeon-of-gender-bending,Dungeon of Gender Bending,Подземелье Кривых Полов,full_page,demented-dungeon|demented-dungeons
dungeon-of-gm-ly-generosity,Dungeon of GM-ly Generosity,Подземелье Мастерской Милости,full_page,demented-dungeon|demented-dungeons
dungeon-of-lavish-loot,Dungeon of Lavish Loot,Подземелье Беспредельного Богатства,full_page,demented-dungeon|demented-dungeons
dungeon-of-mandatory-murder,Dungeon of Mandatory Murder,Подземелье Иррационального Избиения,full_page,demented-dungeon|demented-dungeons
dungeon-of-manga-wrangling,Dungeon of Manga Wrangling,Подземелье Анимешанины,full_page,demented-dungeon|demented-dungeons
dungeon-of-militant-monsters,Dungeon of Militant Monsters,Подземелье Воинственных Врагов,full_page,demented-dungeon|demented-dungeons
dungeon-of-ridiculous-races,Dungeon of Ridiculous Races,Подземелье Разгульных Распутников,full_page,demented-dungeon|demented-dungeons
dungeon-of-sartorial-splendiferousness,Dungeon of Sartorial Splendiferousness /,,full_page,terrible-tombs
dungeon-of-sdrawkcab,Dungeon of Sdrawkcab /,,full_page,terrible-tombs
dungeon-of-stupendous-skills,Dungeon of Stupendous Skills,Подземелье Изумительной Искусности,full_page,demented-dungeon|demented-dungeons
dungeon-of-ubiquitous-undead,Dungeon of Ubiquitous Undead,Подземелье Неудержимой Нежити,full_page,demented-dungeon|demented-dungeons
dungeon-of-unexpected-epicness,Dungeon of Unexpected Epicness,Подземелье Неожиданной Эпичности,full_page,demented-dungeon|demented-dungeons
dungeon-of-utter-uncharitability,Dungeon of Utter Uncharitability,Подземелье Совершенной Скаредности,full_page,demented-dungeon|demented-dungeons
dunwich-ditch,Dunwich Ditch /,,full_page,crazed-caverns
duplicat,Duplicat,Дупликот,full_page,munchkin-kittens
duplo-ray,Duplo-Ray,Дубль-луч,full_page,super-munchkin
dust-devil,Dust Devil /,,full_page,the-good-the-bad-and-the-munchkin
duster,Duster /,,full_page,the-good-the-bad-and-the-munchkin
dutch,Dutch,Голландец,full_page,jump-the-shark|munchkin-booty
dwarf,Dwarf,Дварф,full_page,clerical-errors|de-ranged|munchkin|munchkin-legends|the-need-for-steed|unnatural-axe
dwarf-ale,Dwarf Ale,Дварфийский эль,full_page,clerical-errors
dwarf-hireling,Dwarf Hireling,Дварф-наёмничек,full_page,the-need-for-steed
dwarf-tossing,Dwarf Tossing,Дварфозаброс,full_page,clerical-errors
dying-curse,Dying Curse,Посмертная пакость,full_page,clerical-errors
eagle-knight,Eagle Knight,Рыцарь ордена Орла,set_listing_only,munchkin-pathfinder
eagle-steed,Eagle Steed,Одноместный орёл,full_page,the-need-for-steed
earn-the-thanks-of-intelligent-beings-everywhere,Earn the Thanks of Intelligent Beings Everywhere,Заслужи благодарность всех разумных существ,full_page,the-clown-wars
earthquake,Earthquake,Катастрофа! Землетрясение,full_page,apocalypse|munchkin-apocalypse
earwig,Earwig,Ушегрейка,full_page,munchkin-legends
easy-pickings,Easy Pickings,Лёгкая нажива,set_listing_only,munchkin-pathfinder
eat-what-you-kill,Eat What You Kill /,,full_page,the-good-the-bad-and-the-munchkin
ebon-snake-staff,Ebon Snake-Staff /,,full_page,munchkin-conan
ebony-nunchuks-delivering-typhoon-of-blows,Ebony Nunchuks Delivering Typhoon of Blows,Эбеновые Нунчаки Тайфуна Ударов,full_page,munchkin-fu
ectoplasmic-vacuum-cleaner,Ectoplasmic Vacuum Cleaner,Эктоплазмопылесос,full_page,apocalypse|munchkin-apocalypse
ed-the-undead-head,Ed the Undead Head,"Эд, голова-андед",full_page,armed-and-dangerous
edward-blenderhands,Edward Blenderhands,Эдвард руки-миксеры,full_page,munchkin-steampunk
eep,Eep,Ойк,full_page,star-munchkin
egg,Egg,Яйцо,full_page,the-need-for-steed
egg-beater,Egg Beater,Яйцевзбиватель,full_page,super-munchkin
eggy-eggy,Eggy Eggy /,,full_page,axe-cop|munchkin-axe-cop
el-presidente-magnifico,El Presidente Magnifico /,,full_page,munchkin-impossible
elder,Elder,Старший,full_page,half-horse-will-travel
elder-globs,Elder Globs,Старые убожества,full_page,munchkin-cthulhu
elder-sign,Elder Sign,Знак Древних,full_page,munchkin-cthulhu
eldridge-hawrer,Eldridge Hawrer,Кондратий Хватич,full_page,munchkin-cthulhu
eldritch-cleaver,Eldritch Cleaver /,,full_page,munchkinomicon
elected-guild-leader,Elected Guild Leader! /,,full_page,munchkin-the-guild
electric-eel,Electric Eel /,,full_page,jump-the-shark
electric-eye,Electric Eye,Электроглаз,full_page,the-clown-wars
electric-man,Electric Man /,,full_page,axe-cop|munchkin-axe-cop
electric-radioactive-acid-potion,Electric Radioactive Acid Potion,Радиоактивное электро-кислотное зелье,full_page,munchkin
electric-tree-pruner,Electric Tree Pruner,Электродревосекатор,full_page,apocalypse|munchkin-apocalypse
electro-mento-hat,Electro-Mento-Hat,Электро-менто-шлем,full_page,super-munchkin
electrospats,Electrospats,Электрогамаши,full_page,munchkin-steampunk
electrosuit,Electrosuit,Электро-скафандр,full_page,star-munchkin
elephant-gun,Elephant Gun,Слоновья дробина,set_listing_only,munchkin-steampunk
elephant-hide-armor,Elephant Hide Armor,Доспехи из Слона,full_page,munchkin-fu
eleven-foot-pole,Eleven-Foot Pole,Одиннадцатифутовый кий,full_page,munchkin
elf,Elf,Эльф,full_page,clerical-errors|de-ranged|munchkin|munchkin-legends|the-need-for-steed|unnatural-axe
elf-hireling,Elf Hireling,Эльф-наёмничек,full_page,the-need-for-steed
eliminate-a-hireling,Eliminate a Hireling /,,full_page,munchkin-impossible
eliminate-the-sentry,Eliminate The Sentry /,,full_page,munchkin-conan
elite,Elite,Элитный,full_page,half-horse-will-travel
elixir-of-ice-cream,Elixir of Ice Cream,Эликсир мороженого,full_page,munchkin-legends
elmer,Elmer,Элмер,full_page,half-horse-will-travel
elocution-lessons,Elocution Lessons!,Лекции по дикции!,full_page,munchkin-booty
embalming-fluid,Embalming Fluid,Бальзамический укус,full_page,armed-and-dangerous
embrace-the-old-ways,Embrace the Old Ways,Используй дедовский метод,set_listing_only,munchkin-pathfinder
enchanted-coin,Enchanted Coin,Зачарованная монета,full_page,munchkin-legends
enemy-mayan,Enemy Mayan,Злобный Майя,full_page,apocalypse|munchkin-apocalypse
energy-armor,Energy Armor,Энергоброня,full_page,star-munchkin
engrish-transrate-plobrem,Engrish Transrate Plobrem,Плобремный Пелевод с Ангрийского,full_page,munchkin-fu
enhance-your-micro-chloridians,Enhance Your Micro-Chloridians,Повысь уровень микрохлоридиан,full_page,the-clown-wars
enormous-mallet,Enormous Mallet,Мега-Киянка,full_page,munchkin-fu
enraged,Enraged,Разъярённый,full_page,munchkin
enthrallment,Enthrallment,Порабощение,full_page,munchkin-bites
envenomed,Envenomed /,,full_page,munchkin-conan
epaulets,Epaulets,Эполеты,full_page,munchkin-booty
epic-junior,Epic Junior,Эпишка,full_page,cheat-with-both-hands
escape-and-evasion-training,Escape and Evasion Training /,,full_page,munchkin-impossible
escape-goat,Escape Goat,Козёл отступления,full_page,half-horse-will-travel
escape-rocket,Escape Rocket,Спасительная ракета,full_page,apocalypse|munchkin-apocalypse
escaped-maniac,Escaped Maniac,Беглый маньяк,full_page,apocalypse|munchkin-apocalypse
especially-depressing,Especially Depressing /,,full_page,pants-macabre
essence-of-death,Essence of Death,Эссенция смерти,set_listing_only,munchkin-pathfinder
everything-is-relative,Everything Is Relative!,Всё относительно!,full_page,the-need-for-steed
evil-army-men,Evil Army Men /,,full_page,axe-cop|munchkin-axe-cop
evil-baby-bobble-heads,Evil Baby Bobble Heads /,,full_page,axe-cop|munchkin-axe-cop
evil-canceling-headphones,Evil-Canceling Headphones,Злоглушки,full_page,the-narrow-s-cape
evil-detector,Evil Detector,Детектор зла,full_page,super-munchkin
evil-eye-shadow,Evil Eye Shadow,Навечное зло,full_page,munchkin-bites
evil-eyes,Evil Eyes,Глаза сглаза,full_page,munchkin-zombies
evil-is-a-foot,Evil Is A Foot! /,,full_page,pants-macabre
evil-lair-with-low-doorways,Evil Lair With Low Doorways,Злодейское логово с низкими проёмами,full_page,the-narrow-s-cape
evil-minions,Evil Minions,Злые Любимчики,full_page,munchkin-fu
evil-ninjas,Evil Ninjas,Злые Ниндзюки,full_page,munchkin-fu
evil-robot,Evil Robot! /,,full_page,axe-cop|munchkin-axe-cop
evil-twin,Evil Twin,Злобный близнец,full_page,munchkin-bites
excalibur,Excalibur,Экскалибур,full_page,munchkin-legends
excellent-bamboo-nose-spreader,Excellent Bamboo Nose-Spreader,Превосходная Бамбуковая Разбивалка Носов,full_page,munchkin-fu
exhumation,Exhumation /,,full_page,pants-macabre
exorcise-wheel,Exorcise Wheel,Колесовалка,full_page,de-ranged
exoskeleton,Exoskeleton,Экзоскелет,full_page,the-clown-wars
exotic,Exotic,Экзот,full_page,super-munchkin|the-narrow-s-cape
experimental,Experimental,Експериментальный,full_page,the-clown-wars
exploding,Exploding,Взрывающийся,full_page,cheat-with-both-hands
exploding-0,Exploding,Взрывной,full_page,munchkin-kittens
exploding-car,Exploding Car /,,full_page,axe-cop|munchkin-axe-cop
exploding-kneecaps,Exploding Kneecaps,Наколенный взрыв,full_page,clerical-errors
exploding-phone,Exploding Phone /,,full_page,axe-cop|munchkin-axe-cop
explodoman,Explodoman,Взрывнюк,full_page,super-munchkin
explorer,Explorer /,,full_page,jump-the-shark|munchkin-steampunk
extensive-collection-of-foreign-language-civil-defense-literature,Extensive Collection of Foreign-Language Civil Defense Literature,Огромная коллекция книг по гражданской обороне на иностранных языках,full_page,sheep-impact
exterminate-a-bison-herd,Exterminate A Bison Herd /,,full_page,the-good-the-bad-and-the-munchkin
extra-feat,Extra Feat,Двигательный Аппарат,full_page,cheat-with-both-hands
extra-loud,Extra-Loud,Сверхгромкий,full_page,cheat-with-both-hands
extra-style,Extra Style,Сверхстиль,full_page,monky-business|munchkin-fu
extra-training,Extra Training /,,full_page,munchkin-impossible
extraplanar,Extraplanar /,,full_page,the-unspeakable-vault
extremely,Extremely,Выдающийся,full_page,cheat-with-both-hands
eye-beams,Eye Beams,Глазные лучи,full_page,super-munchkin
eye-patch,Eye Patch,Повязка на глаз,full_page,jump-the-shark|munchkin-booty
eyelash-bat,Eyelash Bat,Кокетопырь,full_page,munchkin-bites
face-hugger,Face Hugger,Лицесос,full_page,star-munchkin
face-paint,Face Paint,Боевая раскраска,full_page,apocalypse|munchkin-apocalypse
face-sucker,Face Sucker,Лицесос,full_page,munchkin
faery-gold,Faery Gold,Феёское золото,full_page,munchkin-bites
fail-the-test-of-the-starstone,Fail the Test of the Starstone,Провали испытание Звёздного камня,set_listing_only,munchkin-pathfinder
failcor,Failcor,,set_listing_only,dragons-trike
fairy-dragon,Fairy Dragon,,set_listing_only,dragons-trike
fairy-dust,Fairy Dust,Фейский кофей,full_page,munchkin-bites
fairy-favor,Fairy Favor /,,full_page,fairy-dust|munchkin-fairy-dust
fairy-fortune,Fairy Fortune /,,full_page,fairy-dust|munchkin-fairy-dust
fairy-unfairness,Fairy Unfairness /,,full_page,fairy-dust|munchkin-fairy-dust
faithful-robot,Faithful Robot,Верный Робот,full_page,star-munchkin
fake-beard,Fake Beard,Накладная борода,full_page,unnatural-axe
fake-ears,Fake Ears,Нахлобушки,full_page,clerical-errors
fake-grass,Fake Grass /,,full_page,munchkin-easter-eggs
fake-horns,Fake Horns /,,full_page,pants-macabre
fake-passport,Fake Passport /,,full_page,munchkin-impossible
fake-tentacle,Fake Tentacle,Ложнощупальце,full_page,munchkin-cthulhu
fake-wolf-feet,Fake Wolf Feet,Волколапы,full_page,munchkin-bites
falling-piano,Falling Piano /,,full_page,munchkin-impossible
false-alarm,False Alarm,Катастрофа! Ложная тревога,full_page,apocalypse|munchkin-apocalypse
false-seeming,False Seeming,Поддельный облик,full_page,munchkin-bites
familiar,Familiar,Фамильярик,full_page,unnatural-axe
fan-club,Fan Club,Дубинка охлаждения пыла,full_page,half-horse-will-travel
fanatic-henchmen,Fanatic Henchmen /,,full_page,munchkin-impossible
fanatic-martial-artist,Fanatic Martial Artist,Фанат боевых искусств,full_page,the-narrow-s-cape
fanfaronade,Fanfaronade /,,full_page,pants-macabre
fang-yu,Fang Yu,Цоп Тя,full_page,munchkin-fu
fanged-fuzzball,Fanged Fuzzball,Клыкастый Космоклок,full_page,star-munchkin
fanged-ring,Fanged Ring /,,full_page,munchkin-conan
fangpaste,Fangpaste,Клычная паста,full_page,munchkin-bites
fangs,Fangs,Клыки,full_page,munchkin-zombies
farmer,Farmer,Фермер,full_page,armed-and-dangerous
fascination,Fascination,Обворожение,full_page,munchkin-bites
fast,Fast,Быстрый,full_page,armed-and-dangerous|munchkin-zombies
fast-food,Fast Food,Перекуси на бегу,full_page,armed-and-dangerous
fast-food-restaurant-of-the-dead,Fast Food Restaurant of the Dead /,,full_page,hideous-hideouts
fat-bat,Fat Bat,Толстопырь,full_page,munchkin-bites
fat-cat,Fat Cat,Дон Мурлеоне,full_page,munchkin-kittens
fatbeard,Fatbeard /,,full_page,jump-the-shark
fate-worse-than-death,Fate Worse Than Death,Участь хуже смерти,full_page,super-munchkin
fated-to-repeat-history,Fated To Repeat History /,,full_page,crazed-caverns
favor-from-the-triads,Favor From the Triads,,set_listing_only,monky-business
favorite-machete,Favorite Machete,,set_listing_only,munchkin-tricky-treats
fearsome-tattoos,Fearsome Tattoos /,,full_page,jump-the-shark
feather-fu,Feather Fu,Кунг-Фу Пера,full_page,munchkin-fu
feathered-headdress,Feathered Headdress,Головное оперение,full_page,munchkin-legends
fee-fi-fo-fu,Fee Fi Fo Fu,,set_listing_only,monky-business
feed-friends-to-cthulhoo,Feed Friends To Cthulhoo /,,full_page,the-unspeakable-vault
feed-gms-dice-habit,Feed GM's Dice Habit,Угоди Вкусу Мастера,full_page,cheat-with-both-hands
feed-the-fish,Feed the Fish!,Душевняе порывы!,full_page,munchkin-booty
feet-cheat,Feet Cheat,Ножной чит,full_page,munchkin-promo
feet-worse-than-death,Feet Worse Than Death,Смердоносные ноги,full_page,the-need-for-steed
feline,Feline,Котейка,full_page,star-munchkin|the-clown-wars
feline-intervention,Feline Intervention,Котошественное вмешательство,full_page,clerical-errors
fema-trailer,Fema Trailer,«Газеболь» МЧС,full_page,apocalypse|munchkin-apocalypse
femme-fatale,Femme Fatale /,,full_page,munchkin-impossible
fenris,Fenris,Фенрир,full_page,munchkin-legends
feral-poodles,Feral Poodles,Свирепые пудели,full_page,apocalypse|munchkin-apocalypse
festivus-pole,Festivus Pole /,,full_page,reindeer-games
fetish-object,Fetish Object,Фетиш,full_page,munchkin-zombies
fez-of-fazooli,Fez of Fazooli,Феска Фазули,full_page,munchkin-cthulhu
fickle-ichor,Fickle Ichor /,,full_page,the-unspeakable-vault
fiddleback-venom,Fiddleback Venom,Смычковый яд,full_page,munchkin-pathfinder
figurehead,Figurehead,Носовая фигура,full_page,munchkin-booty
filthy-geats,Filthy Geats,Грязные вандалы,full_page,clerical-errors
filthy-rich,Filthy Rich,Бессовестно богатый,full_page,clerical-errors
filthy-serape,Filthy Serape /,,full_page,the-good-the-bad-and-the-munchkin
find-a-map,Find A Map,Найди карту,full_page,unnatural-axe
find-a-path,Find a Path,Найди путь,full_page,munchkin-pathfinder
find-atlantis,Find Atlantis,Отыщи Атлантиду,full_page,munchkin-legends
find-nemo,Find Nemo /,,full_page,jump-the-shark
find-the-fountain-of-youth,Find the Fountain of Youth,Найди источник вечной молодости,full_page,munchkin-legends
find-the-secret-door,Find The Secret Door,Найди потайной ход,full_page,de-ranged
fine-gray-shark,Fine Gray Shark,Славная Серая Акула,full_page,munchkin-booty
fing-a-safe-house,Fing a Safe House,Найди убежище,full_page,sheep-impact
finger-claws,Finger Claws,Накладные коготки,full_page,munchkin-bites
finger-ring,Finger Ring,Перстень,full_page,munchkin-steampunk
fire-ants,Fire Ants /,,full_page,the-good-the-bad-and-the-munchkin
fire-ants-0,Fire Ants,Огненные муравьи,full_page,apocalypse|munchkin-apocalypse
fire-arms,Fire Arms,Ладонь-огонь,full_page,de-ranged
fire-breathing-bridle,Fire-Breathing Bridle,Сбруя жгучего выдоха,full_page,the-need-for-steed
fire-hydrant,Fire Hydrant /,,full_page,pants-macabre
fire-hydrant-0,Fire Hydrant,Пожарный гидрант,full_page,munchkin-zombies
firecrackers,Firecrackers,Петарды,full_page,munchkin-fu
firegut,Firegut,Кишечная зажигалочка,set_listing_only,munchkin-pathfinder
fireman,Fireman,Пожарный,full_page,munchkin-zombies
firemans-axe,Fireman's Axe /,,full_page,axe-cop|munchkin-axe-cop
fireship,Fireship /,,full_page,fish-ships
firewater,Firewater /,,full_page,the-good-the-bad-and-the-munchkin
fireworks-salesman,Fireworks Salesman,Продавец фейерверков,full_page,armed-and-dangerous
firmly-attached-doberman,Firmly Attached Doberman,Мертвая хватка,full_page,munchkin-zombies
first-aid-kit,First Aid Kit,Аптечка,full_page,apocalypse|munchkin-apocalypse
first-world-problem,First World Problem,Катастрофа! Проблемы первого мира,full_page,sheep-impact
fish,Fish,Рыбувь,full_page,armed-and-dangerous
fish-in-a-barrel,Fish in a Barrel /,,full_page,fish-ships
fishing-pole,Fishing Pole,Удочка,full_page,sheep-impact
fishing-ring,Fishing Ring,Макрельное кольцо,full_page,half-horse-will-travel
fists-of-furry,Fists of Furry,,set_listing_only,monky-business
five-gold-rings,Five Gold Rings /,,full_page,santas-revenge
five-year-toenails,Five Year Toenails,Ногти Пятилетней Выдержки,full_page,munchkin-fu
fixed-gear-bicycle,Fixed Gear Bicycle,Велосипед-«фикс»,full_page,munchkin-hipsters
flagon-of-wine,Flagon of Wine /,,full_page,munchkin-conan
flakman,Flakman,Зенитоид,full_page,super-munchkin
flame-of-salome,Flame of Salome /,,full_page,munchkin-conan
flame-powder,Flame Powder,Пламенный Порох,full_page,munchkin-fu
flames,Flames,Пламеннсть,full_page,super-munchkin|the-narrow-s-cape
flamethrower,Flamethrower,Огнемёт,full_page,munchkin-cthulhu
flaming,Flaming,Пламенеющий,full_page,de-ranged
flaming-armor,Flaming Armor,Пылающие латы,full_page,munchkin
flaming-poison-potion,Flaming Poison Potion,Зелье Пламенной Отравы,full_page,munchkin
flash-flood,Flash Flood /,,full_page,the-good-the-bad-and-the-munchkin
flashlight,Flashlight /,,full_page,axe-cop|munchkin-axe-cop
flashlight-goes-out,Flashlight Goes Out!,Батарейки сели!,full_page,munchkin-cthulhu
flask-of-glue,Flask of Glue,Фляга клея,full_page,munchkin
flat-bat,Flat Bat /,,full_page,pants-macabre
flatness,Flatness,Плоскость,full_page,super-munchkin
flatulent-steed,Flatulent Steed,Газующий скакун,full_page,the-need-for-steed
flatwyrm,Flatwyrm /,,full_page,munchkin-dragons
flawed-theory,Flawed Theory!,Теория с изъяном,full_page,munchkin-steampunk
flayleaf-powder,Flayleaf Powder,Порошок освежелиста,set_listing_only,munchkin-pathfinder
flee-for-your-lives-0,Flee For Your Lives! /,,full_page,munchkin-conan
flee-powder,Flee Powder,Когтервотный порошок,full_page,munchkin-bites
fleeing-saucer,Fleeing Saucer /,,full_page,space-ships
flesh-eating-begonias,Flesh-Eating Begonias,Плотоядные бегонии,full_page,super-munchkin
flexible-character-concept,Flexible Character Concept,Гибкая концепция персонажа,full_page,the-narrow-s-cape
flight,Flight,Полёт,full_page,super-munchkin
floating-nose,Floating Nose,Блуждающий нос,full_page,munchkin
flotsam,Flotsam /,,full_page,jump-the-shark
flower-pots,Flower Pots,Цветочные горшки,full_page,munchkin-zombies
flu-manchu,Flu Manchu,Доктор Чхи Манчу,full_page,the-narrow-s-cape
fluffy,Fluffy,Пушистый,full_page,munchkin-bites
fluoroscopic-vision,Fluoroscopic Vision,Рентгиновское зрение,full_page,super-munchkin
flute,Flute /,,full_page,axe-cop|munchkin-axe-cop
fly-by-knight,Fly-By Knight,Пьянствующий рыцарь,full_page,munchkin-knights
flying-car,Flying Car /,,full_page,munchkin-impossible
flying-carpet,Flying Carpet,Летучий ковёр,full_page,de-ranged
flying-dutchman,Flying Dutchman /,,full_page,jump-the-shark
flying-fish,Flying Fish /,,full_page,jump-the-shark
flying-frogs,Flying Frogs,Летучие лягушки,full_page,munchkin
flying-monkeys,Flying Monkeys,Летучие обезьяны,full_page,munchkin-legends
flying-skull,Flying Skull,Летучий череп,full_page,munchkin-steampunk
flypaper-floors,Flypaper Floors!,Мухоловные полы!,full_page,the-need-for-steed
flypaper-necktie,Flypaper Necktie,Галстух,full_page,munchkin-zombies
foggoth,Foggoth,Смоггот,full_page,munchkin-cthulhu
fold-spindle-and-mutilate,"Fold, Spindle, and Mutilate","Мять, рвать и протыкать",full_page,unnatural-axe
folding-chair-of-retribution,Folding Chair of Retribution,Складной Стул Воздаяния,full_page,munchkin-fu
foof-gun,Foof Gun,Пых-пушка,full_page,star-munchkin
fooled-by-store-dummy,Fooled by Store Dummy,Обманекинули!,full_page,munchkin-zombies
fools-gold,Fool's Gold /,,full_page,the-good-the-bad-and-the-munchkin
fools-gold-0,Fool's Gold,Нескладный клад,full_page,unnatural-axe
foot,Foot,Нога,full_page,the-narrow-s-cape
foot-mounted-mase,Foot-Mounted Mase,Ножная булава,full_page,clerical-errors
foot-powder,Foot Powder,Присыпка для Ног,full_page,munchkin-fu
football-helmet,Football Helmet /,,full_page,axe-cop|munchkin-axe-cop
footicles,Footicles /,,full_page,the-unspeakable-vault
footprints,Footprints,Следы,full_page,cheat-with-both-hands
forbidden-knowledge,Forbidden Knowledge /,,full_page,munchkin-conan
force-fists,Force Fists,Силовые кулаки,full_page,the-narrow-s-cape
forced-into-the-arena,Forced Into The Arena! /,,full_page,munchkin-conan
forecastle,Forecastle /,,full_page,jump-the-shark
forewarned-and-four-armed,Forewarned and Four-Armed,Предупреждён и очетвероручен,full_page,super-munchkin
forged-id,Forged ID,Поддельная Ксива,full_page,star-munchkin
forked-tongue,Forked Tongue,Раздвоенный язык,full_page,munchkin-zombies
form-of-mist,Form of Mist,Туманизм,full_page,munchkin-bites
fort-deadly,Fort Deadly /,,full_page,hideous-hideouts
fort-knight,Fort Knight,Фортовый рыцарь,full_page,munchkin-knights
fortune-cookie,Fortune Cookie,,set_listing_only,monky-business
foul-cigar,Foul Cigar,Курение вредит здоровью,full_page,munchkin-steampunk
four-dimensional,Four-Dimensional,Четырёхмерный,full_page,munchkin-cthulhu
four-more-wimpy-thugs,Four More Wimpy Thugs,Ещё четверо подонков,full_page,the-narrow-s-cape
fourth-armored-division-miniaturized,Fourth Armored Division (Miniaturized),Четвёртая танковая дивизия (в миниатюре),full_page,munchkin-steampunk
fowl-fienf,Fowl Fienf,Куродемон,full_page,clerical-errors
fox-kung-fu,Fox Kung Fu,Лисье Кунг-Фу,full_page,munchkin-fu
fox-spirit,Fox Spirit,Лисицын Дух,full_page,munchkin-fu
fractal-pterodactyl,Fractal Pterodactyl,Фрактальный птеродактиль,full_page,the-clown-wars
framed-for-treason,Framed for Treason /,,full_page,munchkin-impossible
frank-limejello,Frank Limejello,Фрэнк Лимонелла,full_page,munchkin-bites
frank-the-tank,Frank The Tank,Франк-Танк,full_page,star-munchkin
fraught-with-religious-significance,... Fraught With Religious Significance,Преисполненный религиозной значимости,full_page,apocalypse|munchkin-apocalypse
free-range,Free-Range,Выращенный в естественных условиях,full_page,munchkin-hipsters
freezing-explosive-potion,Freezing Explosive Potion,Замораживающее взрывное зелье,full_page,munchkin
french,French,Француз,full_page,jump-the-shark|munchkin-booty
french-maid,French Maid,Горничная,full_page,armed-and-dangerous
frenzied,Frenzied,Бешеный,full_page,sheep-impact
frenzied-howl,Frenzied Howl /,,full_page,call-of-cowthulhu
freudian-slippers,Freudian Slippers,Опорки по Фрейду,full_page,clerical-errors
fridge,Fridge,Холодильник,full_page,sheep-impact
friendly,Friendly,Миляга,full_page,unnatural-axe
friendly-fire,Friendly Fire,Дружественный огонь,full_page,apocalypse|munchkin-apocalypse
friendly-geishas,Friendly Geishas,Любезные Гейши,full_page,munchkin-fu
friendship-potion,Friendship Potion,Зелье Дружбы,full_page,munchkin
fries,Fries,Картошки,full_page,cheat-with-both-hands
frog-prince,Frog Prince,Царевич-лягушка,full_page,half-horse-will-travel
frogarang,Frogarang,Жабуранг,full_page,the-narrow-s-cape
froggoth,Froggoth,Кваггот,full_page,munchkin-cthulhu
from-another-dimension,From Another Dimension,Из Другого Измерения,full_page,star-munchkin
from-hell,...From Hell,…из Ада,full_page,clerical-errors|the-need-for-steed
frost-giant,Frost Giant,Снеговичище,full_page,unnatural-axe
frost-giants-axe,Frost Giant's Axe /,,full_page,munchkin-conan
frostspore-potion,Frostspore Potion,Зелье хладогриба,set_listing_only,munchkin-pathfinder
frothing,Frothing,Пенящийся,full_page,munchkin-cthulhu
frowny-face,Frowny Face,Хмурая рожа,full_page,munchkin-zombies
frozen-shoggy,Frozen Shoggy /,,full_page,the-unspeakable-vault
fruit-bats,Fruit Bats,Фруктопыри,full_page,munchkin-bites
fruit-combat-training,Fruit Combat Training /,,full_page,munchkin-impossible
fruitcake,Fruitcake /,,full_page,waiting-for-santa
frying-pan-of-wrath,Frying Pan of Wrath /,,full_page,pants-macabre
fu-bar,Fu Bar,,set_listing_only,monky-business
fu-shoes,Fu Shoes,,set_listing_only,monky-business
fugu,Fugu,,set_listing_only,monky-business
fulfill-ancient-prophecy,Fulfill Ancient Prophecy,,set_listing_only,monky-business
fun-gi,Fun Gi,,set_listing_only,monky-business
fun-guy-from-yuggoth,Fun Guy from Yuggoth,Смешной сморчок с Юггота,full_page,munchkin-cthulhu
fungus,Fungus,Грибок,full_page,unnatural-axe
funicular-decampment,Funicular Decampment,"Манчкин сваливает от монстра, сев на фуникулёр",full_page,munchkin-steampunk
funny-bone,Funny Bone,Весёлая косточка,full_page,munchkin-zombies
funny-looking-sword,Funny-Looking Sword,Меч забавной формы,full_page,unnatural-axe
funny-shaped,Funny-Shaped,Головоногий,full_page,de-ranged
furies,Furies,Фурии,full_page,munchkin-legends
fuzzball,Fuzzball,Космоклок,full_page,star-munchkin
gadgeteer,Gadgeteer,Гаджестянщик,full_page,star-munchkin|the-clown-wars
gaff,Gaff,Багор,full_page,munchkin-booty
galleon,Galleon,Галеон,full_page,munchkin-booty
galley,Galley /,,full_page,jump-the-shark
gallinipper,Gallinipper /,,full_page,beating-a-dead-horse
galoshes,Galoshes,Галоши,full_page,munchkin-cthulhu
game-show-host,Game Show Host,Телеведущий,full_page,munchkin-zombies
game-store-manager,Game Store Manager,Игропродавец,full_page,cheat-with-both-hands
gang-grells,Gang Grells /,,full_page,pants-macabre
gaping-mouth,Gaping Mouth,Пасть нараспашку,full_page,munchkin-zombies
garage-door-opener,Garage Door Opener,Пульт от гаражной двери,full_page,the-clown-wars
garage-sale,Garage Sale,Распродажа,full_page,unnatural-axe
garden-hose,Garden Hose,Садовый шланг,full_page,armed-and-dangerous
gargoyle-spill,Gargoyle Spill,Катастрофа! Утечка горгулия,full_page,sheep-impact
garlic-powder,Garlic Powder,Чесночный порошок,full_page,munchkin-bites
gas-giant,Gas Giant,Газовый Гигант,full_page,star-munchkin
gas-mask,Gas Mask /,,full_page,munchkin-impossible
gat-bat,Gat Bat /,,full_page,pants-macabre
gate-of-the-old-ones,Gate of the Old Ones /,,full_page,crazed-caverns
gatling-gun,Gatling Gun /,,full_page,the-good-the-bad-and-the-munchkin
gator-aides,Gator Aides,Помогаторы,full_page,half-horse-will-travel
gazebo,Gazebo,Газебо,full_page,munchkin
gazer,Gazer,Глазер,full_page,the-clown-wars
gear-beer,Gear Beer,Шестерёное пойло,full_page,munchkin-steampunk
gear-fear,Gear Fear,Шестерёнкофобия,full_page,munchkin-steampunk
gear-fist,Gear-Fist,Шестерённый кастет,full_page,munchkin-steampunk
gear-shift,Gear Shift,Переключатель передач,full_page,munchkin-steampunk
gearhead,Gearhead,Зубцеголовый,set_listing_only,munchkin-steampunk
geb,Geb,Геб,full_page,munchkin-pathfinder
geek-ones,Geek Ones,Гиканутые,full_page,munchkin-cthulhu
geiger-counter,Geiger Counter,Счётчик Гейгера,full_page,armed-and-dangerous
geisha-gorgon,Geisha Gorgon,Гейша Горгона,full_page,munchkin-fu
gelatinous-octahedron,Gelatinous Octahedron,Желатиновый октаэдр,full_page,munchkin
gender-blender,Gender Blender,Половой вопрос,full_page,half-horse-will-travel
general-disorder,General Disorder /,,full_page,munchkin-impossible
general-tso,General Tso,,set_listing_only,monky-business
generic,Generic /,,full_page,monster-enhancers
generic-guy,Generic Guy,Человек-заготовка,full_page,super-munchkin
generic-minion,Generic Minion,Миньон типовой,full_page,munchkin-bites
generosity,Generosity,Щедрость,full_page,unnatural-axe
generosity-potion,Generosity Potion,Щедрозелье,full_page,munchkin-fu
genetic-drift,Genetic Drift,Генетический сдвиг,full_page,half-horse-will-travel
genetic-regression,Genetic Regression,Генетический Регресс,full_page,star-munchkin
genetically-modified-apple,Genetically Modified Apple,Генетически модифицированное яблоко,set_listing_only,munchkin-princesses
genghis-cong,Genghis Cong,,set_listing_only,monky-business
gentle-cloud-brass-knuckles,Gentle Cloud Brass Knuckles,,set_listing_only,monky-business
gentlemans-club,Gentleman's Club,Джентельменский прибор,full_page,munchkin
german-shepherds,German Shepherds /,,full_page,munchkin-naughty-nice|naughty-nice
get-a-long-little-doggie,Get A Long Little Doggie /,,full_page,the-good-the-bad-and-the-munchkin
get-all-blobby,Get All Blobby,Утрата формы,full_page,munchkin-cthulhu
get-new-indian-name,Get New Indian Name /,,full_page,the-good-the-bad-and-the-munchkin
get-off-the-grid,Get Off the Grid,Обруби концы,full_page,apocalypse|munchkin-apocalypse
ghast-from-the-past,Ghast from the Past /,,full_page,munchkin-undead
ghillie-suit,Ghillie Suit,Спрятхалат,full_page,apocalypse|munchkin-apocalypse
ghost-in-the-machine,Ghost in the Machine,Призрак на колёсах,full_page,sheep-impact
ghost-in-the-shell,Ghost in the Shell,Призрак в панцире,full_page,de-ranged
ghost-of-christmas-presents,Ghost of Christmas Presents /,,full_page,reindeer-games
ghost-rider,Ghost Rider /,,full_page,the-good-the-bad-and-the-munchkin
ghost-writer,Ghost Writer,Призрачный писака,full_page,the-need-for-steed
ghosts-on-the-half-shell,Ghosts on the Half Shell /,,full_page,munchkin-undead
ghoul-friday,Ghoul Friday,Упыристка,set_listing_only,munchkin-pathfinder
ghoul-lash,Ghoul Lash,Лич-бич,full_page,clerical-errors
ghoul-minion,Ghoul Minion /,,full_page,pants-macabre
ghoulbladder,Ghoulbladder,Желчный пузырь,full_page,munchkin-zombies
ghoulfiends,Ghoulfiends,Мадемонуазели,full_page,munchkin
ghouls,Ghouls /,,full_page,the-unspeakable-vault
giant-ants,Giant Ants,Гигантские Муравьи,full_page,star-munchkin
giant-atomic,Giant Atomic,Гигантский атомный,full_page,apocalypse|munchkin-apocalypse
giant-cockroach,Giant Cockroach,Тараканище,full_page,unnatural-axe
giant-flashing-elder-sign,Giant Flashing Elder Sign /,,full_page,crazed-caverns
giant-magnet,Giant Magnet,Гигантский магнит,full_page,super-munchkin
giant-meteor,Giant Meteor,Катастрофа! Гигантский метеорит,full_page,apocalypse|munchkin-apocalypse
giant-mutant-gerbil-steed,Giant Mutant Gerbil Steed,Скаковой тушкан-переросток,full_page,the-need-for-steed
giant-octopus,Giant Octopus /,,full_page,jump-the-shark
giant-robot-zombie,Giant Robot Zombie /,,full_page,axe-cop|munchkin-axe-cop
giant-skunk,Giant Skunk,Гигантский скунс,full_page,unnatural-axe
giant-spider,Giant Spider /,,full_page,munchkin-conan
giant-whirling-blades,Giant Whirling Blades,Гигантские вращающиеся лезвия,full_page,super-munchkin
gibbering,Gibbering,Бормочущий,full_page,munchkin-cthulhu
gift-from-the-ancestors,Gift From the Ancestors!,Дары Предков!,full_page,munchkin-fu
gift-from-the-gods,Gift From the Gods!,Дар богов!,full_page,munchkin-legends
giger-counter,Giger Counter,Счётчик Гигера,full_page,sheep-impact
gila-monster,Gila Monster /,,full_page,the-good-the-bad-and-the-munchkin
girl-sprout,Girl Sprout,Скаутинка,full_page,munchkin-zombies
girl-wrestler,Girl Wrestler,Борьбаба,full_page,munchkin-fu
give-gm-secret-message,Give GM Secret Message /,,full_page,munchkin-impossible
gladiator-armor,Gladiator Armor /,,full_page,munchkin-conan
glass-bottom,Glass Bottom /,,full_page,fish-ships
glass-jaw,Glass Jaw,Стеклянная челюсть,full_page,de-ranged
glass-slippers,Glass Slippers,Хрустальные башмачки,full_page,munchkin-legends
glass-sneakers,Glass Sneakers,Хрустальные кеды,set_listing_only,munchkin-princesses
glitter,Glitter /,,full_page,pants-macabre
global-worming,Global Worming,Катастрофа! Глобальное почервление,full_page,apocalypse|munchkin-apocalypse
glowing-talons,Glowing Talons,Когти сияния,full_page,munchkin-zombies
glue-some-gears-on-it-and-call-it-steampunk,Glue Some Gears on it and Call it Steampunk,"Приклей туда шестерёнку и скажи, что это стимпанк",full_page,munchkin-steampunk
gluten-filled,Gluten-Filled,Объевшийся глютена,full_page,munchkin-hipsters
gm-enforces-rules,GM Enforces Rules!,Игра По Правилам,full_page,cheat-with-both-hands
gms-ex-girlfriend,GM's Ex-Girlfriend,Бывшая подруга мастера,full_page,de-ranged
gnarlythotep,Gnarlythotep,Нереалитотеп,full_page,munchkin-cthulhu
gnat-bats,Gnat Bats /,,full_page,pants-macabre
gnome,Gnome,Гном,full_page,clerical-errors|de-ranged|the-need-for-steed
gnome-hireling,Gnome Hireling,Гном-наёмничек,full_page,the-need-for-steed
gnomex-suit,Gnomex Suit,Гномексовый комбез,full_page,clerical-errors
go-hang,Go Hang,Вей Шай,full_page,munchkin-fu
go-out-for-a-bier,Go Out for a Bier /,,full_page,pants-macabre
go-skeet-shooting,Go Skeet Shooting,Прибей комара,full_page,sheep-impact
goawayser,Goawayser,Идиназер,full_page,the-clown-wars
gobblin’,Gobblin’,Гоблодный,full_page,munchkin-pathfinder
goblin,Goblin,Гоблин,set_listing_only,munchkin-pathfinder
goblin-dog,Goblin Dog,Гоблопёсик,full_page,munchkin-pathfinder
goblin-rash,Goblin Rash,Гоблинская сыпь,set_listing_only,munchkin-pathfinder
goblin-snake,Goblin Snake,Гоблозмейка,set_listing_only,munchkin-pathfinder
goblin-sweat,Goblin Sweat,Гоблинский пот,set_listing_only,munchkin-pathfinder
gog-and-magog,Gog and Magog,Гог и Магог,full_page,apocalypse|munchkin-apocalypse
gol-darned,Gol-Darned /,,full_page,the-good-the-bad-and-the-munchkin
gold-bars,Gold Bars /,,full_page,munchkin-impossible
gold-brick,Gold Brick,Золотой слиток,full_page,armed-and-dangerous
gold-plated,Gold-Plated,Позолоченое,full_page,cheat-with-both-hands
golden-apples,Golden Apples,Золотые яблоки,full_page,munchkin-legends
golden-axe,Golden Axe /,,full_page,axe-cop|munchkin-axe-cop
golden-fleece,Golden Fleece,Золотое руно,full_page,munchkin-legends
golden-golem,Golden Golem,Золотой голем,full_page,munchkin-steampunk
golden-idol,Golden Idol /,,full_page,munchkin-conan
golden-wine-of-xuthal,Golden Wine of Xuthal /,,full_page,munchkin-conan
goldfish,Goldfish,Золотая рыбка,full_page,clerical-errors
golf-club,Golf Club,Гольф-клюшка,full_page,super-munchkin
golfer,Golfer,Гольфист,full_page,munchkin-zombies
good-guy-machine,Good Guy Machine /,,full_page,axe-cop|munchkin-axe-cop
goodbye-old-paint,"Goodbye, Old Paint /",,full_page,beating-a-dead-horse
goopflinger,Goopflinger,Кашемётчик,full_page,super-munchkin
goth-boots,Goth Boots,Готские боты,full_page,munchkin-bites
gothyanki,Gothyanki,Готиянки,full_page,clerical-errors
gothzilla,Gothzilla,Готзилла,full_page,the-narrow-s-cape
graaaaaaaains,Graaaaaaaains!,Бурдааааа!,full_page,armed-and-dangerous
grabby-guts,Grabby Guts,Цепкая кишка,full_page,munchkin-zombies
grad-student,Grad Student,Дипломница,full_page,armed-and-dangerous
graffiti,Graffiti,Граффити,full_page,cheat-with-both-hands
gram-smoker,Gram Smoker,Агаша Куристи,full_page,munchkin-cthulhu
grandfather-frost,Grandfather Frost /,,full_page,waiting-for-santa
grape-jelly,Grape Jelly,Виноградное желе,full_page,the-need-for-steed
grape-old-ones,Grape Old Ones,Гроздные Выдержанные,full_page,munchkin-cthulhu
grape-shot,Grape Shot /,,full_page,jump-the-shark
grapnel-gun,Grapnel Gun,Кошкомёт,full_page,super-munchkin
grassy-gnoll,Grassy Gnoll,Травяной гнолль,full_page,unnatural-axe
grave-doubts,Grave Doubts,Копание в себе,full_page,munchkin-zombies
grave-error,Grave Error,Загробная ошибка,full_page,de-ranged
grave-mistake,Grave Mistake!,,set_listing_only,munchkin-undead
grave-robbers,Grave Robbers /,,full_page,pants-macabre
gravediggers-shovel,Gravedigger's Shovel,Лопата могильщика,full_page,munchkin-zombies
graveyard-mold,Graveyard Mold,Могильная земля,full_page,munchkin-bites
gravity-reverse,Gravity Reverse,Гравитационная Аномалия,full_page,star-munchkin
gray-diamond,Gray Diamond /,,full_page,axe-cop|munchkin-axe-cop
gray-goo,Gray Goo,Катастрофа! Серая слизь,full_page,apocalypse|munchkin-apocalypse
gray-lotus-powder,Gray Lotus Powder /,,full_page,munchkin-conan
gray-stone,Gray Stone /,,full_page,axe-cop|munchkin-axe-cop
grays,Grays,Серые Человечки,full_page,star-munchkin
grease-gun,Grease Gun,Смазкомёт,set_listing_only,munchkin-steampunk
grease-monkey,Grease Monkey,Смазливая мартышка,full_page,munchkin-steampunk
greased-lightning,Greased Lightning,Смазанная молния,full_page,munchkin-legends
great-cathulhu,Great Cathulhu,Великий Котулху,full_page,munchkin-kittens
great-cthulhoo,Great Cthulhoo /,,full_page,the-unspeakable-vault
great-cthulhu,Great Cthulhu,Великий Ктулху,full_page,munchkin-cthulhu
great-cthulhu-0,Great Cthulhu,Великий Ктулху,full_page,star-munchkin
great-cthulhu-1,Great Cthulhu,Великий Ктулху,full_page,apocalypse|munchkin-apocalypse
great-wall,Great Wall,Великая Стена,full_page,munchkin-fu
great-white-shark,Great White Shark,Крутая белая акула,full_page,munchkin-booty
greek-fire,Greek Fire,Греческий огогонь,full_page,munchkin-legends
green-army-men,Green Army Men,Зеленые Солдатики,full_page,cheat-with-both-hands
green-paint,Green Paint,Защитная краска,full_page,the-clown-wars
green-reaper,Green Reaper /,,full_page,call-of-cowthulhu
greenbeard,Greenbeard,Зелёная Борода,full_page,munchkin-booty
greenhorn,Greenhorn /,,full_page,the-good-the-bad-and-the-munchkin
greenscale,Greenscale,Зеленуха,set_listing_only,munchkin-pathfinder
gregor,Gregor,Грегор,full_page,munchkin-bites
gremlin,Gremlin,Гремлин,full_page,munchkin-legends
grenade,Grenade,Граната,full_page,munchkin-booty
grendel,Grendel,Грендель,full_page,munchkin-legends
grim-keeper,Grim Keeper /,,full_page,munchkin-undead
grinning,Grinning,Ухмыляющийся,full_page,de-ranged
grizzly-bear,Grizzly Bear /,,full_page,the-good-the-bad-and-the-munchkin
grog,Grog,Грог,full_page,munchkin-booty
grotto-of-glaaki,Grotto Of Glaaki /,,full_page,crazed-caverns
grouchy,Grouchy,Капризный,full_page,half-horse-will-travel
grow-hydroponic-broccoli,Grow Hydroponic Broccoli,Заведи плантацию брокколи,full_page,apocalypse|munchkin-apocalypse
grow-two-feet,Grow Two Feet,Прирост,full_page,de-ranged
grue-some,Grue Some!,Подрасти!,full_page,munchkin-zombies
grumpy,Grumpy,Сердитый,full_page,munchkin-kittens
gryphon,Gryphon,Грифон,full_page,munchkin-legends
gug,Gug /,,full_page,the-unspeakable-vault
guinness-and-stout,Guinness and Stout /,,full_page,munchkin-impossible
guitar,Guitar /,,full_page,beating-a-dead-horse
gullible-new-gm,Gullible New GM,Доверчивый мастер-новичок,full_page,de-ranged
gully-washer,Gully Washer /,,full_page,beating-a-dead-horse
gummi-golem,Gummi Golem,Жвачечный голем,full_page,clerical-errors
gun-fu,Gun Fu /,,full_page,monky-business
gurnakhi-warrior,Gurnakhi Warrior /,,full_page,munchkin-conan
guy-wire,Guy Wire,Штыкер,full_page,de-ranged
guy-with-fake-ears,Guy with Fake Ears,Парень с накладными ушами,full_page,the-clown-wars
hag-of-bolding,Hag of Bolding,Безумная донна,full_page,de-ranged
hagfish,Hagfish /,,full_page,jump-the-shark
haggling,Haggling,Торгашество,full_page,the-narrow-s-cape
haiku-fu,Haiku Fu,,set_listing_only,monky-business
hair-elemental,Hair Elemental,Волосяной элементаль,full_page,the-need-for-steed
hair-restorer,Hair Restorer,Оволоситель,full_page,munchkin-bites
hair-spray,Hair Spray,Лак для волос,full_page,apocalypse|munchkin-apocalypse
hair-stands-on-end,Hair Stands On End,Волосы дыбом,full_page,munchkin-cthulhu
hair-turns-white-with-horror,Hair Turns White With Horror,Поседел от ужаса,full_page,munchkin-cthulhu
hairy,Hairy,Косматый,full_page,cheat-with-both-hands
hairy-potter,Hairy Potter,Влас Гончаров,full_page,the-need-for-steed
half-a,Half a,Полу-…,full_page,the-need-for-steed
half-breed,Half-Breed,Полукровка,full_page,cheat-with-both-hands|clerical-errors|de-ranged|half-horse-will-travel|munchkin|munchkin-bites|munchkin-conan|munchkin-legends|pants-macabre|star-munchkin|the-clown-wars|the-need-for-steed|unnatural-axe
half-galleon,Half-Galleon,Полугалеон,full_page,munchkin-booty
half-horse-will-travel,"Half Horse, Will Travel","Имею копыта, готов путешествовать",full_page,half-horse-will-travel
halfling,Halfling,Хафлинг,full_page,clerical-errors|de-ranged|munchkin|munchkin-legends|the-need-for-steed|unnatural-axe
halfling-hireling,Halfling Hireling,Халфлинг-наёмничек,full_page,the-need-for-steed
halitosis,Halitosis,Ротовая вонь,full_page,armed-and-dangerous
halloween,Halloween /,,full_page,pants-macabre
hallucinogenic-nanobot-grenade,Hallucinogenic Nanobot Grenade,Галлюциногенная наноботная граната,full_page,star-munchkin
halo,Halo,Нимб,full_page,half-horse-will-travel
hammer-of-kneecapping,Hammer of Kneecapping,Молот Коленедробления,full_page,munchkin
hammerhead-shark,Hammerhead Shark /,,full_page,jump-the-shark
hampire,Hampire,,set_listing_only,munchkin-undead
han-so-low,Han So Low,Хань Со Лоу,full_page,munchkin-fu
hand-cuff-man,Hand Cuff Man /,,full_page,axe-cop|munchkin-axe-cop
hand-grenade,Hand Grenade,Ручная граната,full_page,munchkin-zombies
hand-sewn-leather-mocs,Hand-Sewn Leather Mocs,Кожаные мокасины ручной вязки,full_page,munchkin-hipsters
hand-to-hand-attack,Hand-To-Hand Attack,Рукопашная,full_page,munchkin-bites
handbag-of-holding,Handbag of Holding /,,full_page,fairy-dust|munchkin-fairy-dust
handy-foot,Handy Foot,Подручная Нога,full_page,star-munchkin
hang-out-with-conan,Hang Out With Conan /,,full_page,conan-the-barbarian
hanshee,Hanshee /,,full_page,fairy-dust|munchkin-fairy-dust
happy-chinese-new-year,Happy Chinese New Year,,set_listing_only,monky-business
happy-face,Happy Face,Бодрая морда,full_page,munchkin-zombies
hard-boiled,Hard-Boiled /,,full_page,munchkin-easter-eggs
harecrow,Harecrow,,set_listing_only,munchkin-tricky-treats
harm-pit,Harm Pit /,,full_page,terrible-tombs
harmless-looking-schoolgirl,Harmless-Looking Schoolgirl,Безобидная Школьница,full_page,munchkin-fu
harness-the-power-of-toast,Harness the Power of Toast,Обуздай энергию тостера,full_page,munchkin-steampunk
harold-angel,Harold Angel /,,full_page,santas-revenge
harpies,Harpies,Гарпистки,full_page,munchkin
harry-eyeball,Harry Eyeball,Презритель,full_page,the-narrow-s-cape
hastur-hastur-hastur,Hastur Hastur Hastur,Хастур Хастур Хастур,full_page,munchkin-cthulhu
hat-of-the-hotstepper,Hat of the Hotstepper /,,full_page,munchkin-penny-arcade|penny-arcade
hatchet-man,Hatchet Man /,,full_page,munchkin-impossible
hatchling,Hatchling /,,full_page,dragons-trike
hawaiian-shirt-guy,Hawaiian Shirt Guy,Чел в гавайке,full_page,munchkin-zombies
hayfork,Hayfork /,,full_page,call-of-cowthulhu
he-was-loaded,He Was Loaded! /,,full_page,munchkin-impossible
he-went-that-a-way,He Went That-A-Way! /,,full_page,the-good-the-bad-and-the-munchkin
head-in-a-jar,Head in a Jar,Голова в банке,full_page,munchkin-steampunk
head-leaks,Head Leaks,Мозги плавятся,full_page,armed-and-dangerous
head-stone,Head Stone,Могильный камень,full_page,armed-and-dangerous
headless-norseman,Headless Norseman,Ратник без головы,full_page,half-horse-will-travel
heads-up,Heads Up!,Шапки долой!,full_page,munchkin-legends
healthy-snack,Healthy Snack,Здоровое питание,full_page,munchkin-zombies
healthy-snacks,Healthy Snacks,,set_listing_only,munchkin-tricky-treats
heart-of-the-elephant,Heart of the Elephant /,,full_page,munchkin-conan
heart-wyrm,Heart Wyrm,,set_listing_only,dragons-trike
heartbreaker,Heartbreaker,Крушитель сердец,full_page,munchkin-valentines
heat-seeking-armor-piercing-spitwad,Heat-Seeking Armor-Piercing Spitwad,Бронебойная плевалка с тепловым наведением,full_page,the-clown-wars
heavenly-jade-dagger,Heavenly Jade Dagger,Небесный Нефритовый Кенжик,full_page,munchkin-fu
heck-hounds,Heck Hounds,Адские гончие,full_page,munchkin-bites
hedge-shears,Hedge Shears /,,full_page,the-unspeakable-vault
hee-hop,Hee Hop,,set_listing_only,monky-business
heebie-jeebies,Heebie-Jeebies,Мурашки-кондрашки,full_page,munchkin-legends
hellcat,Hellcat,Аццкий Котона,full_page,munchkin-kittens
hellknight,Hellknight,Рыцарь Преисподней,full_page,munchkin-pathfinder
hellscourge,Hellscourge,Аццкий хлыст,set_listing_only,munchkin-pathfinder
helm-of-courage,Helm of Courage,Шлем Отваги,full_page,munchkin
helm-of-peripheral-vision,Helm of Peripheral Vision,Шлем Заднего Обзора,full_page,unnatural-axe
helm-of-terror,Helm of Terror,Шлем жути,full_page,the-need-for-steed
helm-of-the-enterprise,Helm of the Enterprise,Шлем «Энтерпрайз»,full_page,the-clown-wars
helmet-of-overprotection,Helmet of Overprotection,,set_listing_only,munchkin-tricky-treats
help-me-out-here,Help Me Out Here!,"Помоги, чем можешь!",full_page,munchkin
hemogoblin,Hemogoblin,Гемогоблин,full_page,munchkin-pathfinder
henchmonster,Henchmonster,Прихмонстрень,full_page,munchkin-promo
henchmonster-0,Henchmonster,Прихмонстрень,full_page,munchkin-promo
henchwench-hireling,Henchwench Hireling,Девица-наёмница,full_page,the-need-for-steed
hercules’-bow-and-arrows,Hercules’ Bow and Arrows,Лук и стрелы Геракла,full_page,munchkin-legends
hero-of-the-former-soviet-republic,Hero of the Former Soviet Republic,Герой бывшей Советской Республики,full_page,super-munchkin
hero-sandwich,Hero Sandwich,Геройский сэндвич,full_page,munchkin-legends
heroic-angst,Heroic Angst,Героево горе,full_page,super-munchkin
heroic-sacrifice,Heroic Sacrifice,Геройская жертва,full_page,munchkin-legends
hi-ho,Hi Ho,Хай Хо,full_page,munchkin-fu
hick-ichor,Hick Ichor /,,full_page,call-of-cowthulhu
hidden-dragon,Hidden Dragon,Затаившийся Дракон,full_page,munchkin-fu
hidden-lab,Hidden Lab,Скрытая лаборатория,full_page,super-munchkin
hidden-treasures,Hidden Treasures!,Незаметные сокровища,set_listing_only,munchkin-pathfinder
hideous-song-attack,Hideous Song Attack /,,full_page,axe-cop|munchkin-axe-cop
high,High /,,full_page,munchkin-reloaded
high-falutin,High-Falutin' /,,full_page,the-good-the-bad-and-the-munchkin
high-gun-bill,High Gun Bill! /,,full_page,axe-cop|munchkin-axe-cop
high-school-vampire-slaying-club,High School Vampire Slaying Club /,,full_page,pants-macabre
highly-evolved-meatloaf,Highly Evolved Meatloaf,Навороченный мясной рулет,full_page,the-narrow-s-cape
highway-flare,Highway Flare,Фальшфейер,full_page,apocalypse|munchkin-apocalypse
hippogriff,Hippogriff,Гиппогриф,full_page,munchkin
hipster,Hipster,Хипстер,full_page,munchkin-hipsters
hipster-hireling,Hipster Hireling,Хипстер-наёмничек,full_page,munchkin-promo
hireling,Hireling,Наёмничек,full_page,clerical-errors|munchkin|munchkin-legends|munchkin-pathfinder
hireling-agent-k-8,Hireling Agent K-8 /,,full_page,munchkin-impossible
hireling-arm-candy,Hireling Arm Candy /,,full_page,munchkin-impossible
hireling-comrade-dusty-mcronin,Hireling Comrade Dusty McRonin /,,full_page,munchkin-impossible
hireling-n,Hireling N /,,full_page,munchkin-impossible
hive-mind,Hive Mind,Разум-улей,full_page,the-clown-wars
hoard,Hoard!,"Ура, клад!",full_page,munchkin|munchkin-bites
hobbes-goblin,Hobbes Goblin,Хоббсгоблин,full_page,munchkin-pathfinder
hobbesian-philosophy,Hobbesian Philosophy!,Философия Гоббса,full_page,munchkin-steampunk
hobby-horse,Hobby Horse /,,full_page,the-good-the-bad-and-the-munchkin
hobnailed-boots,Hobnailed Boots /,,full_page,jump-the-shark
hockey-player,Hockey Player,Хоккеист,full_page,armed-and-dangerous
hog-sothoth,Hog-Sothoth /,,full_page,call-of-cowthulhu
holey-ghost,Holey Ghost,Сквозной дух,full_page,apocalypse|munchkin-apocalypse
holey-grail,Holey Grail,Святой Дыраль,full_page,munchkin-legends
holiday-on-the-titanic,Holiday on the Titanic!,В отпуск на Титанике,full_page,munchkin-steampunk
holiday-police,Holiday Police /,,full_page,reindeer-games
holiday-spirits,Holiday Spirits /,,full_page,munchkin-naughty-nice|naughty-nice
hollow,Hollow /,,full_page,munchkin-easter-eggs
hollywood,Hollywood /,,full_page,monster-enhancers
holy-rollers,Holy Rollers,Святые ролики,full_page,de-ranged
holy-round-spiky-thing,Holy Round Spiky Thing,Священная шипастица,full_page,half-horse-will-travel
holy-water,Holy Water,Святая вода,full_page,munchkin-bites
holystone,Holystone,Пресвятой камень,full_page,munchkin-booty
homunculus,Homunculus,Гомункул,full_page,munchkin-steampunk
hong-kong-belong,Hong Kong Belong!,,set_listing_only,monky-business
hong-kong-bong,Hong Kong Bong,Гонконгский Бонг,full_page,munchkin-fu
hong-kong-cong,Hong Kong Cong,Гонконгцы Вьетконга,full_page,munchkin-fu
hong-kong-gong,Hong Kong Gong,Гонконгский Гонг,full_page,munchkin-fu
hong-kong-kong,Hong Kong Kong,Гонконг Конг,full_page,munchkin-fu
hong-kong-pong,Hong Kong Pong,Пинг-Понг Гонконг,full_page,munchkin-fu
hong-kong-prong,Hong Kong Prong,,set_listing_only,monky-business
hong-kong-sarong,Hong Kong Sarong /,,full_page,monky-business
hong-kong-song,Hong Kong Song,Зонги Гонконга,full_page,munchkin-fu
hong-kong-thong,Hong Kong Thong,Гонконгские Танги,full_page,munchkin-fu
hong-kong-throng,Hong Kong Throng,,set_listing_only,monky-business
hong-kong-tong,Hong Kong Tong,Ганги Гонконга,full_page,munchkin-fu
hong-kong-tongs,Hong Kong Tongs,,set_listing_only,monky-business
honorable-brother-in-arms,Honorable Brother in Arms,Знатная Пара,full_page,munchkin-fu
hook,Hook,Крюк,full_page,munchkin-booty
hookah,Hookah,Кальян,full_page,armed-and-dangerous
hoop-skirt,Hoop Skirt,Баскетболка,set_listing_only,munchkin-princesses
hootenanny,Hootenanny /,,full_page,beating-a-dead-horse
hopalong-cavity,Hopalong Cavity /,,full_page,the-good-the-bad-and-the-munchkin
hopped-up-on-lotus,Hopped Up On Lotus,В Дозе Лотоса,full_page,munchkin-fu
hopping-vampire,Hopping Vampire,Скачущий Вампир,full_page,munchkin-fu
hopster,Hopster,Ухипстер,full_page,munchkin-hipsters
horde-reward,Horde Reward,Все сюдааааа!,full_page,armed-and-dangerous
hordes-of-ravening-undead,Hordes of Ravening Undead,Орды голодной нежити,full_page,apocalypse|munchkin-apocalypse
horns-of-naraga,Horns of Naraga,Рога Нараги,set_listing_only,munchkin-pathfinder
horny-helmet,Horny Helmet,Шлем-Рогач,full_page,munchkin
horribly-indescribable,Horribly Indescribable /,,full_page,call-of-cowthulhu
horrific-steeped-in-evil-yet-somehow-pitiable,"Horrific, Steeped in Evil, Yet Somehow Pitiable",Поганый злодей жалкого вида,full_page,munchkin-bites
horror-hostess,Horror Hostess /,,full_page,pants-macabre
horse-caller,Horse Caller,Конский манок,full_page,half-horse-will-travel
horse-feathers,Horse Feathers,Конские перья,full_page,half-horse-will-travel
horse-shoes,Horse Shoes,Коньки,full_page,de-ranged
horse-thief,Horse Thief /,,full_page,the-good-the-bad-and-the-munchkin
horse-trader,Horse Trader /,,full_page,the-good-the-bad-and-the-munchkin
horse-with-no-name,Horse With No Name /,,full_page,the-good-the-bad-and-the-munchkin
horsefly,Horsefly /,,full_page,space-ships
horseshoe-crabs,Horseshoe Crabs,Крабовые подковы,full_page,half-horse-will-travel
horsewhip,Horsewhip,Погоняло,full_page,half-horse-will-travel
hot-meal,Hot Meal,Пикантное блюдо,full_page,munchkin-zombies
hot-pepper-sauсe,Hot Pepper Sauсe,Острый соус,full_page,clerical-errors
hot-rod,Hot Rod,Жгучий жезл,full_page,the-need-for-steed
howling-gail,Howling Gail,Шквалентина Ветровна,full_page,munchkin-booty
hp-munchcraft,H.P. Munchcraft,Г.Ф. Манчкрафт,full_page,munchkin-cthulhu
hsias-guard,Hsia's Guard /,,full_page,munchkin-conan
huge-belt-buckle,Huge Belt Buckle /,,full_page,the-good-the-bad-and-the-munchkin
huge-camera-gun,Huge Camera Gun /,,full_page,munchkin-impossible
huge-dice-pool,Huge Dice Pool /,,full_page,pants-macabre
huge-hyperintelligent-shark,Huge Hyperintelligent Shark,Огромная гиперразумная акула,full_page,apocalypse|munchkin-apocalypse
huge-rock,Huge Rock,Огромная каменюга,full_page,munchkin
human-shield,Human Shield,Живой щит,full_page,de-ranged
humanuzed,Humanuzed,Облюденение,full_page,munchkin-legends
humongous,Humongous,Громадный,full_page,munchkin
hung-over,Hung-Over /,,full_page,the-good-the-bad-and-the-munchkin
hunger-crazed,Hunger-Crazed,Изголодавшийся,full_page,sheep-impact
hungry,Hungry,Голодный,full_page,armed-and-dangerous
hungry-backpack,Hungry Backpack,Голодный рюкзак,full_page,clerical-errors
hungry-hungry-hippies,Hungry Hungry Hippies,Голодные хиппипотамы,full_page,sheep-impact
hurricane-breath,Hurricane Breath,Ураганное дыхание,full_page,the-narrow-s-cape
hurt-gms-brain,Hurt GM's Brain,Вынеси Мозг Мастеру,full_page,cheat-with-both-hands
hybrid-car,Hybrid Car,Гибридный автомобиль,full_page,sheep-impact
hydrant,Hydrant,Гидрантей,full_page,unnatural-axe
hydrogen-dragon,Hydrogen Dragon /,,full_page,munchkin-dragons
hypnotism,Hypnotism,Гипнотизм,full_page,super-munchkin
hypodermic-needle,Hypodermic Needle /,,full_page,the-unspeakable-vault
hyrkanian-bow,Hyrkanian Bow /,,full_page,munchkin-conan
i-am-not-worthy-of-this-honor…,I Am Not Worthy Of This Honor…,Я недостоин этой чести…,full_page,munchkin-cthulhu
i-am-your-father,I Am Your Father!,Я твой отец!,full_page,the-clown-wars
i-ching-powder,I-Ching Powder,,set_listing_only,monky-business
i-got-a-rock,I Got a Rock,Мне достался булыган!,full_page,de-ranged
i-saw-what-you-did-there,I Saw What You Did There,Я всё видел!,full_page,apocalypse|munchkin-apocalypse
i-toad-you-so,I Toad You So!,Ква-ква-зимодо,set_listing_only,munchkin-princesses
ia-rlyeh,Ia R'lyeh!,Я Р'лиэх!,full_page,munchkin-cthulhu
ice-cream-coney,Ice Cream Coney /,,full_page,munchkin-easter-eggs
ichor-liquor,Ichor Liquor,Спиртной гной,full_page,munchkin-cthulhu
ichor-picker,Ichor Picker,Уловитель гноя,full_page,munchkin-cthulhu
ichory-dickory-doc,Ichory Dickory Doc /,,full_page,call-of-cowthulhu
icicle,Icicle /,,full_page,munchkin-naughty-nice|naughty-nice
idol-powder,Idol Powder,Пудра Идола,full_page,munchkin-fu
ill-bred-ruffians,Ill-Bred Ruffians,Нахальные грубияны,full_page,munchkin-steampunk
ill-fated,Ill-Fated,Неудачник,full_page,munchkin-legends
illusion,Illusion,Морок,full_page,munchkin
illustrate-your-character,Illustrate Your Character,Нарисуй своего персонажа,full_page,clerical-errors
imaginary-flying-muskrats,Imaginary Flying Muskrats,Воображаемые летучие мускусные крысы,full_page,the-narrow-s-cape
imitate-bela-lugosi,Imitate Bela Lugosi,Подражай Беле Лугоши,full_page,munchkin-bites
imp,Imp,Бес,full_page,munchkin-bites
impending-doom,Impending DOOM!,Нависший рок!,full_page,half-horse-will-travel
impenetrable-gloves,Impenetrable Gloves,Непробиваемые перчатки,full_page,the-narrow-s-cape
impossible-leap,Impossible Leap,,set_listing_only,monky-business
impossible-negation-of-sanity,Impossible Negation of Sanity! /,,full_page,munchkin-conan
impressive-beard,Impressive Beard,Бронеборода,full_page,munchkin-legends
improbable-infinity-engine,Improbable Infinity Engine /,,full_page,space-ships
improved-model,Improved Model,Улучшенная модель,full_page,munchkin-steampunk
improvised-weapon,Improvised Weapon,Набезрыбное оружие,full_page,apocalypse|munchkin-apocalypse
in-a-black-helicopter,In A Black Helicopter /,,full_page,munchkin-impossible
in-a-million-year-sleep,In A Million-Year Sleep,Заснувший на миллион лет,full_page,munchkin-cthulhu
in-laws,In-Laws /,,full_page,the-good-the-bad-and-the-munchkin
in-space-no-one-can-hear-you-cheat,"In Space, No One Can Hear You Cheat","В космосе никто не услышит, как ты читишь",full_page,the-clown-wars
incendiary-ammo,Incendiary Ammo /,,full_page,munchkin-impossible
inch-wyrm,Inch Wyrm /,,full_page,dragons-trike
income-tax,Income Tax,Подоходный налог,full_page,munchkin
incomprehension,Incomprehension /,,full_page,pants-macabre
incredibly-huge-reward,Incredibly Huge Reward,Невероятно большая награда,full_page,super-munchkin
indescribably-horrible,Indescribably Horrible,Неописуемо ужасный,full_page,munchkin-cthulhu
india-rubber-bowler,India-Rubber Bowler,Резиновый котелок,full_page,munchkin-steampunk
indian,Indian /,,full_page,the-good-the-bad-and-the-munchkin
indie-band,Indie Band,Инди-групп а,full_page,munchkin-hipsters
inept,Inept,Дилетант,full_page,half-horse-will-travel
inferior-boots,Inferior Boots /,,full_page,munchkin-penny-arcade|penny-arcade
infernal-engine,Infernal Engine,Шайтан-машина,full_page,munchkin-steampunk
inflatable,Inflatable,Надувной,full_page,de-ranged
inflatable-munchkin,Inflatable Munchkin,Надувной Манчкин,full_page,cheat-with-both-hands
inform-ant,Inform-Ant /,,full_page,munchkin-impossible
inform-local-authorities,Inform Local Authorities,Извести местные власти,full_page,munchkin-cthulhu
infrared-goggles,Infrared Goggles,Инфракрасные очки,full_page,apocalypse|munchkin-apocalypse
infrasonic-triangulation,Infrasonic Triangulation,Инфразвуковая триангуляция,set_listing_only,munchkin-steampunk
inhale-healthful-modern-vapours,"Inhale Healthful, Modern Vapours",Вдохни здоровый качественный смог,full_page,munchkin-steampunk
inhuman-moan,Inhuman Moan /,,full_page,the-unspeakable-vault
injured-doing-dumb-stunt,Injured Doing Dumb Stunt,,set_listing_only,monky-business
innsmouth-yellow-pages,Innsmouth Yellow Pages,Жёлтые страницы Иннсмута,full_page,munchkin-cthulhu
insane,Insane,Безумный,full_page,the-clown-wars
insane-monolog,Insane Monolog,Безумный монолог,full_page,the-narrow-s-cape
insane-obsession,Insane Obsession,Безумная одержимость,full_page,super-munchkin
inscrutable-paper-bag,Inscrutable Paper Bag,Непроницаемый бумажный пакет,full_page,the-narrow-s-cape
inspiritment,Inspiritment /,,full_page,pants-macabre
instant-wall,Instant Wall,Стенка-мгновенка,full_page,munchkin
insurance-salesman,Insurance Salesman,Страховой агент,full_page,munchkin
intelligent,Intelligent,Умудрённый,full_page,munchkin
interpretive-dance-monolog,Interpretive Dance Monolog,Монолог на языке танца,full_page,the-narrow-s-cape
interro-gator,Interro-Gator /,,full_page,munchkin-impossible
interrogation-training,Interrogation Training /,,full_page,munchkin-impossible
interviewed-for-evening-news,Interviewed for Evening News,Засветись в вечерних новостях,full_page,munchkin-cthulhu
into-the-drink,Into the Drink!,Момент - и в море!,full_page,munchkin-booty
invasive-species,Invasive Species,Захватнические особи,full_page,apocalypse|munchkin-apocalypse
investigator,Investigator,Сыщик,full_page,call-of-cowthulhu|munchkin-cthulhu|the-unspeakable-vault
investment-banker,Investment Banker,Инвеститор,full_page,apocalypse|munchkin-apocalypse
invisibility,Invisibility,Невидимость,full_page,super-munchkin
invisibility-potion,Invisibility Potion,Зелье Невидимости,full_page,munchkin
invisible,Invisible /,,full_page,monster-enhancers
invisible-box,Invisible Box,Невидимый ящик,full_page,the-narrow-s-cape
invisible-hand,Invisible Hand,Невидимая рука,full_page,the-narrow-s-cape
invisible-helmet,Invisible Helmet,Шлем-невидимка,full_page,de-ranged
invisible-invisible-invisible,Invisible Invisible Invisible,Тройная невидимость,full_page,munchkin-bites
invisible-terror,Invisible Terror,Незримый ужас,full_page,super-munchkin
invisible-walkie-talkie,Invisible Walkie Talkie /,,full_page,axe-cop|munchkin-axe-cop
invisible-zeppelin-gang,Invisible Zeppelin Gang,Банда на невидимом цеппелине,full_page,munchkin-steampunk
invoke-obscure-rules,Invoke Obscure Rules,Воспользуйся неизвестным правилом,full_page,munchkin
iron-hand-kung-fu,Iron Hand Kung Fu,Кунг-Фу Железной Руки,full_page,munchkin-fu
iron-rations,Iron Rations,Железная пайка,full_page,de-ranged
iron-spider-cannon,Iron Spider Cannon /,,full_page,axe-cop|munchkin-axe-cop
iron-will,Iron Will,Железный Волька,full_page,the-narrow-s-cape
irs-agents,IRS Agents,Агенты налоговой службы,full_page,super-munchkin
it-was-right-here…,It Was Right Here…,Куда ж оно запропастилось?,full_page,munchkin-legends
itching-powder,Itching Powder,Чесоточный порошок,full_page,unnatural-axe
itsy-bitsy,Itsy-Bitsy /,,full_page,call-of-cowthulhu
itsy-bitsy-spider,Itsy Bitsy Spider,Паучок-плюгавчик,full_page,the-need-for-steed
jabberwock,Jabberwock,Бармаглот,full_page,unnatural-axe
jack-o-lanterns,Jack o' Lanterns,,set_listing_only,munchkin-tricky-treats
jack-tar,Jack Tar /,,full_page,jump-the-shark
jackalope,Jackalope /,,full_page,the-good-the-bad-and-the-munchkin
jackass,Jackass /,,full_page,the-good-the-bad-and-the-munchkin
jacob’s-ladder,Jacob’s Ladder,Лестница Иакова,full_page,munchkin-steampunk
jade-plaque-armor,Jade Plaque Armor,Пластинчатые Нефритовые Доспехи,full_page,munchkin-fu
james-bomb,James Bomb /,,full_page,munchkin-impossible
janibot,JaniBot,Уборобот,full_page,star-munchkin
janitor,Janitor,Уборщик,full_page,munchkin-zombies
japanese-restaurant,Japanese Restaurant /,,full_page,munchkin-impossible
jar-of-salsa,Jar of Salsa,Термоядерный соус,full_page,sheep-impact
jean-la-foot,Jean La Foot /,,full_page,jump-the-shark
jellyfish,Jellyfish,Медуза,full_page,munchkin-booty
jersey-devil,Jersey Devil,Дьявол из Джерси,full_page,munchkin-legends
jet-backpack,Jet Backpack /,,full_page,munchkin-impossible
jet-ski,Jet Ski /,,full_page,fish-ships
jetpack,Jetpack,Реактивный ранец,set_listing_only,munchkin-steampunk
jetsam,Jetsam /,,full_page,jump-the-shark
jeweled-breastplate,Jeweled Breastplate /,,full_page,munchkin-conan
jockey,Jockey,Жокей,full_page,half-horse-will-travel
joes-discount-dungeon,Joe's Discount Dungeon,Подземелье Уценённых Уровней,full_page,demented-dungeon|demented-dungeons
joggoth,Joggoth,Бегигот,full_page,munchkin-cthulhu
jogira,Jogira,Трусцыра,full_page,munchkin-fu
johnny-zucchiniseed,Johnny Zucchiniseed,Джонни Кабачковое Зёрнышко,full_page,munchkin-legends
join-super-team,Join Super-Team,Вступи в суперкоманду,full_page,the-narrow-s-cape
jolly-old,Jolly Old /,,full_page,waiting-for-santa
jollyboat,Jollyboat,Шлюп-хлюп,full_page,munchkin-booty
joy-buzzer,Joy Buzzer,Розззыгрыжжж,full_page,clerical-errors
judge-fredd,Judge Fredd,Судья Фредд,full_page,unnatural-axe
judge-lynch,Judge Lynch /,,full_page,the-good-the-bad-and-the-munchkin
judge-roy-bean,Judge Roy Bean /,,full_page,beating-a-dead-horse
jump-the-shark,Jump the Shark /,,full_page,jump-the-shark
jumping-spider,Jumping Spider,"Паук ""Чёрная ВДВа""",full_page,munchkin-bites
jumpin’-gemini,Jumpin’ Gemini,Скачущий близнец,full_page,munchkin-legends
jungle-dragon,Jungle Dragon /,,full_page,munchkin-conan
junk-mail,Junk Mail,Барахлаты,full_page,de-ranged
just-another-snake-cult,Just Another Snake Cult /,,full_page,munchkin-conan
justice-pie,Justice Pie /,,full_page,munchkin-skullkickers|skullkickers
kabuki-mask,Kabuki Mask,,set_listing_only,monky-business
kali,Kali,Калли,full_page,clerical-errors
kamikaze-headband,Kamikaze Headband,Повязка Камикадзе,full_page,munchkin-fu
kamikaze-kobolds,Kamikaze Kobolds,Кобольды-камикадзе,full_page,clerical-errors
kappa,Kappa,,set_listing_only,monky-business
karaoke-night,Karaoke Night,,set_listing_only,monky-business
karate-squid,Karate Squid,Кальмалыш-Каратека,full_page,munchkin-fu
karate-training,Karate Training /,,full_page,munchkin-impossible
katrina,Katrina,Катрина,full_page,the-need-for-steed
keelhauled,Keelhauled!,Протянись под килем!,full_page,munchkin-booty
keep-beating-a-dead-horse,Keep Beating a Dead Horse /,,full_page,beating-a-dead-horse
keshani-stabbing-spear,Keshani Stabbing Spear /,,full_page,munchkin-conan
ketchup-gas,Ketchup Gas,Кетчупный газ,full_page,sheep-impact
kevlar-bikini,Kevlar Bikini /,,full_page,munchkin-impossible
khalar-zym,Khalar Zym /,,full_page,conan-the-barbarian
khitan-staff,Khitan Staff /,,full_page,munchkin-conan
khorajan-helm,Khorajan Helm /,,full_page,munchkin-conan
khorn-roze,K'horn-Roze /,,full_page,call-of-cowthulhu
kick-ass-zombie,Kick-Ass Zombie,Всесильный зомби,full_page,armed-and-dangerous
kick-em-while-theyre-down,Kick 'Em While They're Down /,,full_page,munchkin-skullkickers|skullkickers
kick-yourself-in-the-ass,Kick Yourself In The Ass /,,full_page,munchkin-skullkickers|skullkickers
kicker-ichor,Kicker Ichor,Обувной гной,full_page,munchkin-cthulhu
kid,Kid,Школота,full_page,apocalypse|munchkin-apocalypse|sheep-impact
kid-eating-snow-man,Kid-Eating Snow Man /,,full_page,axe-cop|munchkin-axe-cop
kid-sister,Kid Sister,Сестрёнка,full_page,the-clown-wars
kidnap-nuclear-scientist,Kidnap Nuclear Scientist /,,full_page,munchkin-impossible
kidnapped-your-aunt-marge,Kidnapped Your Aunt Marge,Тётя маня в заложниках!,full_page,super-munchkin
kidnapped-your-so,Kidnapped Your S.O.,Похищенная помощница,full_page,the-narrow-s-cape
kill-a-hireling,Kill a Hireling,Пришей наёмничка,full_page,the-need-for-steed
kill-a-steed,Kill a Steed,Прибей скакуна,full_page,the-need-for-steed
kill-some-nazis,Kill Some Nazis,Бей фашистов,full_page,the-need-for-steed
kill-the-conversation,Kill The Conversation,Оборви трёп,full_page,de-ranged
kill-the-hireling-fu,Kill the Hireling (Fu),Расчёт Наёмника,full_page,munchkin-fu
kill-the-hireling-m1,Kill the Hireling (M1),Пришей наёмничка,full_page,munchkin
killer-jalapeno,Killer Jalapeno /,,full_page,the-good-the-bad-and-the-munchkin
killer-penguins,Killer Penguins,Пингвины-убийцы,full_page,the-clown-wars
king-cobra,King Cobra,Король-Кобр,full_page,munchkin-fu
king-evilfatsozon,King Evilfatsozon /,,full_page,axe-cop|munchkin-axe-cop
king-of-all-bad-guys,King Of All Bad Guys /,,full_page,axe-cop|munchkin-axe-cop
king-tut,King Tut,Царь Тут,full_page,munchkin
kiss-of-barbatos,Kiss of Barbatos,Поцелуй Барбатоса,set_listing_only,munchkin-pathfinder
kissed-talking-frog,Kissed Talking Frog,Поцелуй говорящей лягушки,full_page,the-narrow-s-cape
kitchen-sink,Kitchen Sink,Кухонная мойка,full_page,munchkin-cthulhu
kitchen-sink-0,Kitchen Sink,Кухонная мойка,full_page,the-narrow-s-cape
kitten-caboodle,Kitten Caboodle,Толпа котиков,full_page,munchkin-kittens
kitten-mittens,Kitten Mittens,Котявые варежки,full_page,munchkin-kittens
kitten-whiskers,Kitten Whiskers,Котята-поварята,full_page,munchkin-kittens
klaatu-barada-necktie,Klaatu Barada Necktie,Глаастук Барада Никто,full_page,the-clown-wars
kn-yan,K'n-Yan /,,full_page,crazed-caverns
kneepads-of-allure,Kneepads of Allure,Наколенники Развода,full_page,munchkin
knife-training,Knife Training /,,full_page,munchkin-impossible
knight-cap,Knight Cap,Вязаный шлем,full_page,munchkin-knights
knight-crawler,Knight Crawler,Валет червей,full_page,munchkin-knights
knight-light,Knight Light,Свет рыцарства,full_page,unnatural-axe
knight-mare,Knight Mare,Бронепони,full_page,half-horse-will-travel
knight-of-the-living-dead,Knight of the Living Dead,Ночальник живых мертвецов,full_page,the-need-for-steed
knight-owl,Knight Owl,Соварный рыцарь,full_page,de-ranged
knight-stand,Knight Stand,Сервантес,full_page,munchkin-knights
knight-sweats,Knight Sweats,Рыцарская пижама,full_page,munchkin-knights
knight-train,Knight Train,Бронепоезд «Ласточка»,full_page,munchkin-knights
knight-watch,Knight Watch,Циферблатник,full_page,munchkin-knights
knit-cap,Knit Cap,Вязаная шапочка,full_page,munchkin-hipsters
kong-fu,Kong Fu,,set_listing_only,monky-business
kraken,Kraken,Кракен,full_page,munchkin-legends
krampus,Krampus /,,full_page,waiting-for-santa
krewe-of-the-dead,Krewe of the Dead /,,full_page,hideous-hideouts
kung-fu-aliens,Kung Fu Aliens,Ино-Кунг-Фу-тяне,full_page,munchkin-fu
kung-fu-grope,Kung Fu Grope,Кунг-Фу-Хват,full_page,munchkin-fu
kushite,Kushite /,,full_page,munchkin-conan
la-la-la-i-can’t-hear-you,"La La La, I Can’t Hear You",Ничего не слышу…,full_page,apocalypse|munchkin-apocalypse
laaaaaaaaaaanes,Laaaaaaaaaaanes!,Удааааар!,full_page,armed-and-dangerous
laboratory,Laboratory,Лаборатория,full_page,the-clown-wars
lacrosse-stick,Lacrosse Stick,Сачок для лакросса,full_page,sheep-impact
laddie,Laddie,Дружок,full_page,munchkin-legends
ladies‘-knight,Ladies‘ Knight,Галатник,full_page,munchkin-knights
lady-tata,Lady Tata,Леди Тата,full_page,apocalypse|munchkin-apocalypse
ladyfingers,Ladyfingers,Дамские пальчики,full_page,munchkin-zombies
lamashtu,Lamashtu,Ламашту,full_page,munchkin-pathfinder
lame-goblin,Lame Goblin,Увечный гоблин,full_page,munchkin
lamp-that-comes-alive-early-in-the-morning,Lamp That Comes Alive Early In The Morning /,,full_page,axe-cop|munchkin-axe-cop
lampshade,Lampshade,Абажур,full_page,armed-and-dangerous
lance,Lance /,,full_page,beating-a-dead-horse
lance-0,Lance /,,full_page,munchkin-dragons
lance-a-lot,Lance-A-Lot,Валет пик,full_page,munchkin-knights
land-leviathan,Land Leviathan,Шагающий левиафан,full_page,munchkin-steampunk
land-shark,Land Shark /,,full_page,fish-ships
large-angry-chicken,Large Angry Chicken,Сердитый бройлер,full_page,munchkin
large-economy-size,Large Economy Size,Перенедоросший,full_page,cheat-with-both-hands
larp-eats-your-brain,LARP Eats Your Brain,Ролевые игры выели твой мозг,full_page,munchkin-bites
laser,Laser,Лазер,full_page,star-munchkin
laser-squid-nemesis,Laser Squid Nemesis /,,full_page,munchkin-penny-arcade|penny-arcade
lasso,Lasso /,,full_page,the-good-the-bad-and-the-munchkin
last-gal-on-earth,Last Gal on Earth,Последняя девчонка на Земле,full_page,sheep-impact
last-guy-on-earth,Last Guy on Earth,Последний парень на Земле,full_page,sheep-impact
last-of-its-race,Last Of Its Race,Последний из Своей Расы,full_page,star-munchkin
late-knight,Late Knight,Полночный некрорыцарь,full_page,munchkin-knights
laugh-at-gms-monty-python-routine,Laugh At GM's Monty Python Routine,"Посмейс над шуткой из ""Монти Пайтона""",full_page,de-ranged
laughing-gas,Laughing Gas /,,full_page,munchkin-impossible
laughing-gas-0,Laughing Gas,Веселящий газ,full_page,apocalypse|munchkin-apocalypse
launched-into-space,Launched Into Space,Запуск в космос,full_page,super-munchkin
laurel-wreath,Laurel Wreath,Лавровый венок,full_page,munchkin-legends
lawn-roller,Lawn Roller,Укатайка,full_page,unnatural-axe
lawyers,Lawyers,Адвокат,full_page,munchkin
le-rapier,Le Rapier,Ля Рапира,full_page,munchkin-booty
lead-paint,Lead Paint! /,,full_page,monster-enhancers
lead-poisoning,Lead Poisoning /,,full_page,beating-a-dead-horse
leaf-man,Leaf Man /,,full_page,axe-cop|munchkin-axe-cop
learn-from-experience,Learn From Experience /,,full_page,munchkin-impossible
learn-the-ropes,Learn the Ropes,По местам висеть! С якоря сниматься!,full_page,munchkin-booty
learn-things-man-was-not-meant-to-know,Learn Things Man Was Not Meant To Know,"Узнай то, что не полагалось знать роду людскому",full_page,munchkin-cthulhu
learn-yet-another-awful-truth,Learn Yet Another Awful Truth,Узнай ещё одну ужасную истину,full_page,munchkin-cthulhu
leather-armor,Leather Armor,Кожаный прикид,full_page,munchkin
lecture-your-party-in-awkward-repetitive-sentences-that-are-filled-with-digressions-and,"Lecture Your Party In Awkward, Repetitive Sentences That Are Filled With Digressions and Irrelevancies and Bore Everyone Like Some Repetitive Boring Thing /",,full_page,munchkin-the-guild
leech-bomb,Leech Bomb,Бомба-Пиявка,full_page,star-munchkin
left-brain-right-brain,"Left Brain, Right Brain /",,full_page,hideous-hideouts
left-hanging,Left Hanging,Подвесочка,set_listing_only,munchkin-pathfinder
leftovers,Leftovers,Ошмётки,full_page,munchkin-zombies
leg,Leg,Нога,full_page,munchkin-zombies
legendary,Legendary,Легендарный,full_page,munchkin-booty
legendary-0,Legendary,Легендарный,full_page,half-horse-will-travel
lemming-juice,Lemming Juice,Лемминад,full_page,unnatural-axe
lemming-parade,Lemming Parade,Парад леммингов,full_page,munchkin-legends
lens-flair,Lens Flair,Парализационные очки,full_page,sheep-impact
lens-of-galundari,Lens of Galundari,Линза Галундари,full_page,munchkin-pathfinder
leperchaun,Leperchaun,Лепрокон,full_page,munchkin
let-gm-show-you-his-karate-moves,Let GM Show You His Karate Moves,Зацени Кунг-Фу Мастера,full_page,munchkin-fu
lethal,Lethal /,,full_page,monster-enhancers
lethal-virus,Lethal Virus /,,full_page,munchkin-impossible
letters-of-marque,Letters of Marque /,,full_page,jump-the-shark
level-draining,Level-Draining /,,full_page,monster-enhancers
level-gaki,Level Gaki,Гаки Уровней,full_page,munchkin-fu
leveling-up-potion,Leveling-Up Potion /,,full_page,axe-cop|munchkin-axe-cop
leyden-jar,Leyden Jar,Лейденская банка,full_page,munchkin-steampunk
librarian,Librarian,Библиотекарша,full_page,armed-and-dangerous
license-to-demolish,License To Demolish,Лицензия на уничтожение,full_page,super-munchkin
licensed-to-maim,Licensed to Maim /,,full_page,munchkin-impossible
lich-king,Lich King /,,full_page,munchkin-conan
lickety-split,Lickety Split! /,,full_page,the-good-the-bad-and-the-munchkin
lighter-fluid,Lighter Fluid,Жидкость для розжига,full_page,armed-and-dangerous
lighter-of-smiting,Lighter of Smiting,Зажигалка избиения,full_page,munchkin-promo
lightless-lair-of-the-lloigor,Lightless Lair of the Lloigor /,,full_page,crazed-caverns
lightning-bug,Lightning Bug,Молнячок,full_page,de-ranged
lightning-in-a-bottle,Lightning in a Bottle,Молния в бутылке,set_listing_only,munchkin-pathfinder
lily-livered,Lily-Livered,Малодушный,full_page,munchkin-booty
lily-pollen,Lily Pollen,Пыльца лилии,set_listing_only,munchkin-pathfinder
limburger-and-anchovy-sandwich,Limburger and Anchovy Sandwich,"""Запоздалое прозрение""",full_page,munchkin
linnorm,Linnorm,Линнорм,set_listing_only,munchkin-pathfinder
lion-skin,Lion Skin,Львиная шкура,full_page,munchkin-legends
lionfish,Lionfish /,,full_page,fish-ships
liopleurodon,Liopleurodon,Лиоплевродан,full_page,munchkin-booty
liquid-blade,Liquid Blade,Жидкий клинок,full_page,munchkin-pathfinder
liquid-wench,Liquid Wench,Проточная девица,full_page,clerical-errors
literary-lass,Literary Lass,Заумная девица,full_page,super-munchkin
little-big-horn,Little Big Horn /,,full_page,the-good-the-bad-and-the-munchkin
little-bunny-fu-fu,Little Bunny Fu-Fu,,set_listing_only,monky-business
little-bunny-thulhu,Little Bunny 'Thulhu /,,full_page,munchkin-easter-eggs
little-china-in-big-trouble,Little China In Big Trouble,Большой Переполох в Маленьком Китае,full_page,munchkin-fu
little-drummer-boy,Little Drummer Boy /,,full_page,santas-revenge
little-green-man,Little Green Man,Маленький Зелененький Мужчинка,full_page,star-munchkin
liver-сasserole,Liver Сasserole,Затушенная печень,full_page,apocalypse|munchkin-apocalypse
lizard-guy,Lizard Guy,Ящерко,full_page,half-horse-will-travel
lizard-guy-hireling,Lizard Guy Hireling,Ящерко-наёмничек,full_page,half-horse-will-travel
lloyd-lloigor,Lloyd Lloigor,Ллойд Ллойгор,full_page,munchkin-cthulhu
loaded-die,Loaded Die,Читерский кубик,full_page,apocalypse|armed-and-dangerous|axe-cop|beating-a-dead-horse|call-of-cowthulhu|cheat-with-both-hands|clerical-errors|de-ranged|faun-and-games|half-horse-will-travel|jump-the-shark|monky-business|munchkin|munchkin-apocalypse|munchkin-axe-cop|munchkin-bites|munchkin-booty|munchkin-conan|munchkin-cthulhu|munchkin-fu|munchkin-impossible|munchkin-legends|munchkin-oz|munchkin-pathfinder|munchkin-steampunk|munchkin-the-nightmare-before-christmas|munchkin-zombies|myth-prints|pants-macabre|sheep-impact|star-munchkin|super-munchkin|the-clown-wars|the-good-the-bad-and-the-munchkin|the-narrow-s-cape|the-need-for-steed|the-unspeakable-vault|unnatural-axe
loan-gm-your-comics,Loan GM Your Comics,Комиксы для Мастера,full_page,star-munchkin
loan-gm-your-tapes,Loan GM Your Tapes,Музычка для Мастера,full_page,star-munchkin
lobster-mobster,Lobster Mobster,Лобстер-гангстер,full_page,munchkin-booty
locally-sourced,Locally Sourced,...местного производства,full_page,munchkin-hipsters
loch-ness-monster,Loch Ness Monster,Лох-несское чудовище,full_page,munchkin-legends
loco-weed,Loco Weed /,,full_page,the-good-the-bad-and-the-munchkin
loggoth,Loggoth,Дровогот,full_page,munchkin-cthulhu
loki,Loki,Локи,full_page,munchkin-legends
lolcatfish,LOLcatfish /,,full_page,fish-ships
long,Long,,set_listing_only,monky-business
long-bony-fingers,Long Bony Fingers,Костлявая рука голода,full_page,munchkin-zombies
long-handled-underwear,Long-Handled Underwear /,,full_page,beating-a-dead-horse
long-knight,Long Knight,Сэр Такселот,full_page,munchkin-knights
long-tung,Long Tung,Слюнь Тяй,full_page,munchkin-fu
longhorn,Longhorn /,,full_page,the-good-the-bad-and-the-munchkin
longship,Longship,Драккар,full_page,munchkin-booty
loose-screw,Loose Screw,Забитый шуруп,full_page,munchkin-steampunk
loot-army-surplus-store,Loot Army Surplus Store,Коммандо-мародёр,full_page,apocalypse|munchkin-apocalypse
loot-the-treasure-of-kuthchemes,Loot the Treasure of Kuthchemes /,,full_page,munchkin-conan
loot-your-own-temple,Loot Your Own Temple,Разграбь свой собственный храм,full_page,the-need-for-steed
lord-sterling’s-blunderbuss,Lord Sterling’s Blunderbuss,Мушкетон лорда Стерлинга,full_page,munchkin-steampunk
lord-tennis-anyone,Lord Tennis Anyone,Лорд Втеннисон,full_page,half-horse-will-travel
lord-yahoo,Lord Yahoo,Лорд Яху,full_page,clerical-errors
lose-1-big-item,Lose 1 Big Item,Потеряй большую шмотку,full_page,munchkin|munchkin-bites|pants-macabre|unnatural-axe
lose-1-level,Lose 1 Level,Потеряй уровень!,full_page,munchkin
lose-1-small-item,Lose 1 Small Item,Потеряй мелкую шмотку,full_page,munchkin|munchkin-bites|pants-macabre|unnatural-axe
lose-a-power,Lose A Power,Потеряй силу,full_page,munchkin-bites|pants-macabre
lose-a-power-0,Lose a Power /,,full_page,axe-cop|munchkin-axe-cop
lose-all-your-styles,Lose All Your Styles,Теряешь все твои Стили,full_page,munchkin-fu
lose-one-style,Lose One Style,Теряешь Один Стиль,full_page,monky-business|munchkin-fu
lose-the-armor-you-are-wearing,Lose the Armor You Are Wearing,Потеряй надетый Броник!,full_page,munchkin|munchkin-bites|munchkin-fu|pants-macabre
lose-the-footgear-you-are-wearing,Lose the Footgear You Are Wearing,Потеряй надетую Обувку!,full_page,munchkin|munchkin-bites|munchkin-fu|pants-macabre
lose-the-headgear-you-are-wearing,Lose the Headgear You Are Wearing,Потеряй надетый головняк!,full_page,munchkin|munchkin-bites|munchkin-fu|pants-macabre
lose-the-path,Lose the Path,Сбился с пути,set_listing_only,munchkin-pathfinder
lose-two-cards,Lose Two Cards,Потеряй две карты,full_page,munchkin
lose-your-class,Lose Your Class!,,set_listing_only,monky-business
lose-your-class-0,Lose Your Class,Потеряй класс!,full_page,munchkin|the-narrow-s-cape
lose-your-class-1,Lose Your Class /,,full_page,axe-cop|munchkin-axe-cop
lose-your-class-2,Lose Your Class!,Потеряй клаcc!,set_listing_only,munchkin-pathfinder
lose-your-faction,Lose Your Faction!,Потеряй фракцию!,set_listing_only,munchkin-pathfinder
lose-your-lucky-die,Lose Your Lucky Die,Потерял счастливый кубик!,full_page,de-ranged
lose-your-race,Lose Your Race,Потеряй Расу!,full_page,munchkin|munchkin-bites|pants-macabre
lost-my-dog-lost-my-horse-lost-my-woman,"Lost My Dog, Lost My Horse, Lost My Woman /",,full_page,the-good-the-bad-and-the-munchkin
lost-spanish-treasure,Lost Spanish Treasure /,,full_page,the-good-the-bad-and-the-munchkin
lost-the-manual,Lost the Manual!,Потерял мануал,full_page,munchkin-steampunk
loud-hairy-alien,Loud Hairy Alien,Громогласный Косматый Пришелец,full_page,star-munchkin
louisiana-perches,Louisiana Perches /,,full_page,jump-the-shark
lounge-lizards,Lounge Lizards,Тусящеры,full_page,half-horse-will-travel
lousy-pink-shark,Lousy Pink Shark,Тупая розовая акула,full_page,munchkin-booty
love-potion-8½,Love Potion #8½,Любовное зелье № 8 1/2,set_listing_only,munchkin-valentines
low-tech-persuader,Low-Tech Persuader,Примитивный Убеждатель,full_page,star-munchkin
lucius-nose,Lucius' Nose /,,full_page,conan-the-barbarian
luck-of-the-fae,Luck of the Fae,Фейская удача,full_page,munchkin-bites
lucky-cricket,Lucky Cricket,,set_listing_only,monky-business
lucky-penny,Lucky Penny,Пенни-Везенни,full_page,cheat-with-both-hands
lucky-talisman,Lucky Talisman,Талисман Удачи,full_page,cheat-with-both-hands
lumberjerk,Lumberjerk,Лесогруб,full_page,munchkin-hipsters
lumps-of-coal,Lumps of Coal /,,full_page,waiting-for-santa
lunar-cycle,Lunar Cycle,Лунный цикл,full_page,munchkin-bites
lungtaker-potion,Lungtaker Potion,Зелье бронходёра,set_listing_only,munchkin-pathfinder
lurina-steed-chow,Lurina Steed Chow,Соблазнискас,full_page,the-need-for-steed
lust-monster,Lust Monster,Мержавка-Похотница,full_page,unnatural-axe
maaaaaaster,Maaaaaaster!,Хозяяяин!,full_page,munchkin-cthulhu
maaiiiiinnnnnns,Maaiiiiinnnnnns!,Проводааааа!,full_page,munchkin-zombies
mace-in-a-can,Mace in a Can,Газовая дубинка,full_page,munchkin-legends
mace-of-sharpness,Mace of Sharpness,Палица Остроты,full_page,munchkin
machine-gun,Machine Gun /,,full_page,axe-cop|munchkin-axe-cop
mad-billionaire,Mad Billionaire /,,full_page,munchkin-impossible
madness-autophobia,Madness! Autophobia /,,full_page,the-unspeakable-vault
madness-bibliophobia,Madness! Bibliophobia /,,full_page,the-unspeakable-vault
madness-dipsophobia,Madness! Dipsophobia /,,full_page,the-unspeakable-vault
madness-gammaphobia,Madness! Gammaphobia /,,full_page,call-of-cowthulhu
madness-kleptomania,Madness! Kleptomania /,,full_page,call-of-cowthulhu
madness-obsessive-compulsive,Madness! Obsessive-Compulsive /,,full_page,call-of-cowthulhu
madness-paranoia,Madness! Paranoia /,,full_page,call-of-cowthulhu
madness-phobophobia,Madness! Phobophobia /,,full_page,the-unspeakable-vault
madness-pyromania,Madness! Pyromania /,,full_page,the-unspeakable-vault
madness-schizophrenia,Madness! Schizophrenia /,,full_page,call-of-cowthulhu
madness-takes-its-toll,Madness Takes Its Toll,Безумие берёт своё,full_page,munchkin-cthulhu
maggot,Maggot,Личинка,full_page,munchkin-bites
magic-8-bomb,Magic 8-Bomb /,,full_page,munchkin-impossible
magic-bassoon,Magic Bassoon,Волшебный фагот,full_page,munchkin-legends
magic-blessed-dna-potion,Magic Blessed DNA Potion,Зелье Магической Модификации ДНК,full_page,cheat-with-both-hands
magic-crayon,Magic Crayon,Мел волшбы,full_page,munchkin-legends
magic-dragon,Magic Dragon /,,full_page,munchkin-dragons
magic-lamp,Magic Lamp,Волшебная лампа,full_page,munchkin|munchkin-legends
magic-limp,Magic Limp,Влошебная лампа!,full_page,de-ranged
magic-lump,Magic Lump,Огребная лампа!,full_page,de-ranged
magic-missile,Magic Missile,Ракета магического назначения,full_page,munchkin
magic-resistant,Magic Resistant,Магоустойчивый,full_page,the-need-for-steed
magic-wand,Magic Wand,Чудодейная палочка,full_page,super-munchkin
magnet,Magnet,Магнит,full_page,munchkin-fu
magnetic-boots,Magnetic Boots,Магнитные Боты,full_page,star-munchkin
magnetic-crystal-anti-monster-bracelet,Magnetic Crystal Anti-Monster Bracelet,Антимонструйный браслет на магнитиках и кристалликах,full_page,apocalypse|munchkin-apocalypse
magnetic-poles-reverse,Magnetic Poles Reverse,Катастрофа! Смена магнитных полюсов,full_page,apocalypse|munchkin-apocalypse
magnetic-table,Magnetic Table! /,,full_page,munchkin-conan
magnificent-hat,Magnificent Hat,Шапка Величия,full_page,clerical-errors
magnifying-glass,Magnifying Glass /,,full_page,axe-cop|munchkin-axe-cop
mail-drop,Mail Drop /,,full_page,munchkin-impossible
mailbox,Mailbox,Почтовый ящик,full_page,munchkin-zombies
mailman,Mailman,Почтальон,full_page,munchkin-zombies
make-humerus-comments,Make Humerus Comments,Подставь плечо,full_page,munchkin-zombies
make-stupid-joke-with-gms-pet,Make Stupid Joke With GM's Pet! /,,full_page,pants-macabre
make-the-gm-laugh,Make The GM Laugh,Рассмеши мастера,full_page,de-ranged
make-the-gm-snort-soda-out-his-nose,Make The GM Snort Soda Out His Nose,Заставь мастера поперхнуться колой,full_page,de-ranged
make-their-heads-explode,Make Their Heads Explode /,,full_page,pants-macabre
male-chauvinist-pig,Male Chauvinist Pig,Хряк-шовинист,full_page,clerical-errors
male-chauvinist-pig-0,Male Chauvinist Pig,Толстая чёрная оправа,full_page,munchkin-hipsters
malediction,Malediction,Наговор,full_page,munchkin-bites
malign-intervention,Malign Intervention,Сверъестественное вмешательство,full_page,munchkin-bites
malign-mirror,Malign Mirror,Кривое зеркало,full_page,munchkin
mall-of-the-dead-americans,Mall of the Dead Americans /,,full_page,hideous-hideouts
maltese-duck,Maltese Duck /,,full_page,munchkin-impossible
mammalskin-boots,Mammalskin Boots,Сапоги из звериной шкуры,full_page,half-horse-will-travel
man,Man /,,full_page,axe-cop|munchkin-axe-cop
man-overboard,Man Overboard! /,,full_page,jump-the-shark
man-owar,Man o'War /,,full_page,jump-the-shark
maniac-minion,Maniac Minion,Миньон-маньяк,full_page,munchkin-bites
maniacal-laugh,Maniacal Laugh,Истеричный смех,full_page,munchkin-cthulhu
mantis-blade,Mantis Blade,Клинок богомола,full_page,munchkin-pathfinder
many-many-bugs,"Many, many bugs",Много-много жуков,full_page,apocalypse|munchkin-apocalypse
marbles,Marbles,Шарики,full_page,armed-and-dangerous
marique,Marique /,,full_page,conan-the-barbarian
markov-the-beast,Markov the Beast,Марко Зверев,full_page,super-munchkin
marksmanship-training,Marksmanship Training /,,full_page,munchkin-impossible
marlinspike,Marlinspike /,,full_page,jump-the-shark
marooned,Marooned!,Брошен на острове,full_page,munchkin-booty
martial-helmet,Martial Helmet,Военачальный шлем,full_page,munchkin-legends
martial-law-declared,Martial Law Declared,Военное положение,full_page,apocalypse|munchkin-apocalypse
martian-heat-ray,Martian Heat Ray,Марсианский тепловой излучатель,set_listing_only,munchkin-steampunk
martini-henry-rifle,Martini-Henry Rifle,Винтовка Мартини-Генри,set_listing_only,munchkin-steampunk
marv,Marv,Писатель Волков,full_page,munchkin-bites
mascot,Mascot,Талисман команды,full_page,munchkin-zombies
maser,Maser,Мазер,full_page,star-munchkin
mask-of-acheron,Mask of Acheron /,,full_page,conan-the-barbarian
mass-produced,Mass-Produced,Штампованный,full_page,munchkin-steampunk
master,Master /,,full_page,munchkin-reloaded
master-your-fears,Master Your Fears /,,full_page,the-unspeakable-vault
mata-hairy,Mata Hairy /,,full_page,munchkin-impossible
matching-equipment-set,Matching Equipment Set,Комплект снаряги,full_page,half-horse-will-travel
mate,Mate,Гадкая парочка,full_page,munchkin|munchkin-steampunk
mating-call,Mating Call,Брачный зов,full_page,the-need-for-steed
maul-of-the-titans,Maul of the Titans /,,full_page,munchkin-conan
maul-rat,Maul Rat,Молотая Крысотка,full_page,munchkin
mayonnaise-spit,Mayonnaise Spit /,,full_page,axe-cop|munchkin-axe-cop
mba-in-management,MBA in Management,Мастер управления персоналом,full_page,the-need-for-steed
meals-on-wheels,Meals on Wheels,Закусочная на колесах,full_page,munchkin-zombies
meals-rejected-by-everyone,Meals Rejected by Everyone,Нажористый закусон,full_page,apocalypse|munchkin-apocalypse
mean-medicine,Mean Medicine,Снадобье норова,full_page,the-need-for-steed
meanderthal,Meanderthal,Скитандерталец,full_page,half-horse-will-travel
meaningless-escape,Meaningless Escape,Избежание бегства,full_page,munchkin-bites
mecha-armor,Mecha Armor,,set_listing_only,monky-business
mecha-ninja,Mecha-Ninja,Меха-Ниндзя,full_page,munchkin-fu
mechanic,Mechanic,Механик,full_page,munchkin-steampunk
mechanical-bull,Mechanical Bull /,,full_page,the-good-the-bad-and-the-munchkin
mechanical-moles,Mechanical Moles,Механические кроты,full_page,munchkin-steampunk
mechwalker,Mechwalker,Мехходун,full_page,star-munchkin
med-kit,Med Kit,Аптечка,full_page,star-munchkin
meddling-cleric,Meddling Cleric,Приставучий прист,full_page,munchkin-bites
meddling-kids,Meddling Kids,Суетливые детки,full_page,super-munchkin
medicine-armor,Medicine Armor /,,full_page,the-good-the-bad-and-the-munchkin
medicine-show,Medicine Show /,,full_page,the-good-the-bad-and-the-munchkin
meditate-at-the-temple-of-the-moon,Meditate at the Temple of the Moon /,,full_page,call-of-cowthulhu
medusa,Medusa,Медуза,full_page,clerical-errors
meeple-syrup,Meeple Syrup,Сироп из миплов,full_page,half-horse-will-travel
megalo-don,Megalo Don,Дон Мегалодон,full_page,sheep-impact
meltdown,Meltdown,Катастрофа! Перегрев реактора,full_page,sheep-impact
men-in-black,Men In Black /,,full_page,munchkin-impossible
mental-amplifier,Mental Amplifier,Ментальный Усилок,full_page,star-munchkin
mephitic,Mephitic,Мефитичный,full_page,munchkin-cthulhu
merchant,Merchant,Торговец,full_page,jump-the-shark|munchkin-booty
merchant-hireling,Merchant Hireling,Торговец-наёмничек,full_page,munchkin-promo
merchant-ship,Merchant Ship /,,full_page,fish-ships
merciless-insect-horde,Merciless Insect Horde,Орда безжалостных насекомых,full_page,the-narrow-s-cape
merely-an-outworn-shadow-of-forgotten-sorceries,...Merely An Outworn Shadow Of Forgotten Sorceries /,,full_page,munchkin-conan
mermaid,Mermaid,Русалка,full_page,munchkin-booty
metathesis,Metathesis,Обменяция,full_page,munchkin-bites
meter-maid,Meter Maid,Гаишница,full_page,armed-and-dangerous
mewsical-act,Mewsical Act,ВИА «МЯУ»,full_page,munchkin-kittens
mewtube,MewTube,Мяутюб,full_page,munchkin-kittens
mexican-standoff,Mexican Standoff /,,full_page,the-good-the-bad-and-the-munchkin
mi-goo,Mi-Goo /,,full_page,the-unspeakable-vault
midas-potion,Midas Potion,Зелье Мидаса,full_page,munchkin-legends
midden-of-the-mi-go,Midden of the Mi-Go /,,full_page,crazed-caverns
midgard-serpent,Midgard Serpent,Мидгардский змей,full_page,half-horse-will-travel
midnight-munchkin-madness,Midnight Munchkin Madness /,,full_page,munchkin-the-guild
mighty-tome-of-skillz,Mighty Tome of Skillz,Умный Том Умений,full_page,cheat-with-both-hands
mighty-warhorse,Mighty Warhorse,Мощный боеконь,full_page,the-need-for-steed
mild-mannered-disguise,Mild-Mannered Disguise,Маскировка на скорую руку,full_page,super-munchkin
militia,Militia,Ополченец,full_page,apocalypse|munchkin-apocalypse|sheep-impact
milk-of-amnesia,Milk of Amnesia,Молоко забвения,full_page,munchkin-steampunk
millennium-penguin,Millennium Penguin /,,full_page,space-ships
mime,Mime /,,full_page,pants-macabre
mind-bogglingly,Mind-Bogglingly,Ошеломительный,full_page,cheat-with-both-hands
mind-control-gas,Mind Control Gas,УправМозгГаз,full_page,star-munchkin
mind-controlled-hero,Mind-Controlled Hero,Подчинённый герой,full_page,the-narrow-s-cape
mind-shattering-carvings,Mind-Shattering Carvings! /,,full_page,munchkin-conan
mindless-minion,Mindless Minion /,,full_page,pants-macabre
mine-goes-to-11,Mine Goes To 11!,Поднимаю до 11!,full_page,cheat-with-both-hands
miners-helmet,Miner's Helmet,Шахтёрская каска,full_page,munchkin-cthulhu
mini-minion,Mini-Minion /,,full_page,pants-macabre
miniaturized,Miniaturized,Миниатюрный,full_page,star-munchkin
minimum-legal-armor,Minimum Legal Armor,Минимальный допустимый доспех,full_page,super-munchkin
minimum-security-prison-of-the-dead,Minimum Security Prison of the Dead /,,full_page,hideous-hideouts
minor-god,Minor God,Мелкий бог,full_page,de-ranged
minotaur,Minotaur,Минотавр,full_page,munchkin-legends
mirage,Mirage,Мираж,full_page,munchkin-booty
mirror-portal,Mirror Portal /,,full_page,terrible-tombs
mirrored-shield,Mirrored Shield,Зеркальный щит,full_page,munchkin-legends
miskatonic-university-library-basement,Miskatonic University Library Basement /,,full_page,crazed-caverns
miskatonic-university-t-shirt,Miskatonic University T-Shirt,Футболка университета Мискатоник,full_page,munchkin-cthulhu
misplace-your-race,Misplace Your Race,Вырождение расы,full_page,half-horse-will-travel
misplacer-beast,Misplacer Beast,Растеряхухоль,full_page,the-need-for-steed
miss-ile,Miss Ile,Термоядерная леди,full_page,the-clown-wars
missile-toe,Missile Toe /,,full_page,waiting-for-santa
mistletoe-branch,Mistletoe Branch,Ветка омелы,full_page,munchkin-legends
misunderstood,Misunderstood,Непонятый,full_page,the-clown-wars
misunderstood-man,Misunderstood Man,Непонимаемэн,full_page,super-munchkin
mite,Mite,Коротышка,set_listing_only,munchkin-pathfinder
mithril-armor,Mithril Armor,Мифрильный панцирь,full_page,munchkin
mmm-fresh-meat,"Mmm, Fresh Meat /",,full_page,hideous-hideouts
mob-goblins,Mob Goblins,Толпгоблины,set_listing_only,munchkin-pathfinder
mobogo,Mobogo,Мобого,set_listing_only,munchkin-pathfinder
moby-duck,Moby Duck /,,full_page,jump-the-shark
moccasins-of-silence,Moccasins Of Silence /,,full_page,the-good-the-bad-and-the-munchkin
mock-humans-for-the-cattle-they-are,Mock Humans for the Cattle They Are,Презирай людей за их скотство,full_page,munchkin-bites
molar-express,Molar Express /,,full_page,reindeer-games
moldering,Moldering /,,full_page,munchkin-undead
molten-lava,Molten Lava,Расплавленная магма,full_page,the-narrow-s-cape
molybdenum-skateboard,Molybdenum Skateboard,Молибденовый скейтборд,full_page,super-munchkin
mommy,Mommy,Мамаша,full_page,unnatural-axe
monk,Monk,Монах,full_page,monky-business|munchkin-fu
monkey-goblins,Monkey Goblins /,,full_page,monky-business
monkey-kung-fu,Monkey Kung Fu,Кунг-Фу Макаки,full_page,munchkin-fu
monkey-spirit-guide,Monkey Spirit Guide,Дух Обезьяна-Наставника,full_page,munchkin-fu
monkey-with-costume-like-yours,Monkey With Costume Like Yours,Бандерлог в цветах твоей команды,full_page,super-munchkin
monkey-wrench,Monkey Wrench,Гамадрило,full_page,munchkin-steampunk
monky-business,Monky Business,,set_listing_only,monky-business
monocle,Monocle,Монокль,full_page,munchkin-booty
monolith,Monolith,Монолит,full_page,star-munchkin
monowire,Monowire,Моно-нить,full_page,star-munchkin
monster-chow,Monster Chow,Монстрикорм,full_page,clerical-errors
monster-come-forth,"Monster, Come Forth! /",,full_page,munchkinomicon
monster-gaki,Monster Gaki,,set_listing_only,monky-business
monster-mash,Monster Mash,Потому Что Мы Банда!,full_page,cheat-with-both-hands
monster-minion,Monster Minion,Миньон-монстр,full_page,munchkin-bites
monster-stompers,Monster Stompers,Монстродавы,full_page,munchkin-cthulhu
monster-the-gm-made-up-himself,Monster The GM Made Up Himself,"Монстр, которого сотворил лично Мастер",full_page,unnatural-axe
monster-truck,Monster Truck,Грузовище,full_page,the-need-for-steed
monster-under-the-bed,Monster Under the Bed,Монстр под кроватью,full_page,de-ranged
monster-whacker,Monster Whacker,Монстробой,full_page,call-of-cowthulhu|munchkin-cthulhu|the-unspeakable-vault
monsters-are-busy,Monsters Are Busy,Занятые монстры,full_page,clerical-errors
monstrous-bats,Monstrous Bats /,,full_page,munchkin-conan
moo-goo-pan-guy,Moo Goo Pan Guy,Работник Мясь Ной Чяна,full_page,munchkin-fu
mook,Mook,Бугай,full_page,monky-business|munchkin-fu
mook-hook,Mook Hook,,set_listing_only,monky-business
moon,Moon /,,full_page,axe-cop|munchkin-axe-cop
moon-maidens,Moon Maidens,Ягодевицы,full_page,unnatural-axe
mop,Mop,Швабра,full_page,super-munchkin
mopey-girl,Mopey Girl /,,full_page,munchkin-tricky-treats
more-wimpy-thugs,More Wimpy Thugs,Снова подонки,full_page,super-munchkin
morlock-holmes,Morlock Holmes,Морлок Холмс,full_page,munchkin-steampunk
morningstar,Morningstar,Утреннее звездило,full_page,half-horse-will-travel
mortal-kom-bat,Mortal Kom Bat,Смертопырь,full_page,munchkin-bites
mortal-portal,Mortal Portal /,,full_page,terrible-tombs
mortician,Mortician,Гробовщик,full_page,munchkin-zombies
mosquito-netting,Mosquito Netting,Москитная сетка,full_page,sheep-impact
mostly-armless,Mostly Armless,В основном безрукий,full_page,munchkin-zombies
mother-goose,Mother Goose,Матушка Гусыня,full_page,munchkin-legends
motivational-posters,Motivational Posters /,,full_page,axe-cop|munchkin-axe-cop
motorcycle,Motorcycle,Мотоцикл,full_page,armed-and-dangerous
mountains-of-madness,Mountains of Madness /,,full_page,crazed-caverns
mousetrap,Mousetrap,Мышеловка,full_page,munchkin-steampunk
mousetraps,Mousetraps,Мышеловки,full_page,munchkin-zombies
mousse-and-squirrel,Mousse and Squirrel /,,full_page,pants-macabre
mouthful-of-ale,Mouthful of Ale /,,full_page,conan-the-barbarian
movie-deal,Movie Deal,Контракт на съёмки,full_page,super-munchkin
mr-bones,Mr. Bones,Г-н Костин,full_page,munchkin
mr-everywhere,Mr. Everywhere,Товарищ Повсюдов,full_page,super-munchkin
mr-hide,Mr. Hide /,,full_page,pants-macabre
mr-mutani-esu,Mr. Mutani Esu /,,full_page,axe-cop|munchkin-axe-cop
mr-normal,Mr. Normal,Г-н Нормалин,full_page,munchkin-zombies
mr-stocker,Mr. Stocker /,,full_page,axe-cop|munchkin-axe-cop
mr-teevil-teevil,Mr. Teevil Teevil /,,full_page,axe-cop|munchkin-axe-cop
mrs-claus,Mrs. Claus /,,full_page,reindeer-games
mt-suit,M.T. Suit,П.У. Стоместин,full_page,unnatural-axe
mud-wrestler,Mud Wrestler,Грязьборка,full_page,de-ranged
muenster-we-are-yet-muenster-we-become,"Muenster We Are, Yet Muenster We Become","Монстром я был, монстром я и останусь",full_page,munchkin-bites
mug-the-shopkeeper,Mug the Shopkeeper,Грабани лавочника,full_page,munchkin-promo
mukade,Mukade,,set_listing_only,monky-business
multiplying-grenade,Multiplying Grenade,Мультиграната,full_page,the-clown-wars
mummy,Mummy /,,full_page,pants-macabre
mummy-powder,Mummy Powder,Прах Мумии,full_page,munchkin-fu
munchkin-armor,Munchkin Armor /,,full_page,munchkin-the-guild
munchkin-cat,Munchkin Cat,Кот породы манчкин,full_page,munchkin-kittens
munchkin-sphinx,Munchkin Sphinx,Манчкин-сфинкс,full_page,the-need-for-steed
munchkinomicon,Munchkinomicon /,,full_page,munchkinomicon
murder-faeries,Murder Faeries /,,full_page,munchkin-skullkickers|skullkickers
musket,Musket,Мушкет,full_page,munchkin-booty
musketeeny,Musketeeny,Мушкетулечка,full_page,munchkin-booty
musketoon,Musketoon,Мушкетон,full_page,munchkin-booty
muskrat-musket,Muskrat Musket /,,full_page,jump-the-shark
muskratonic-university-letter-jacket,Muskratonic University Letter Jacket /,,full_page,call-of-cowthulhu
mustache,Mustache,Усищи,full_page,munchkin-steampunk
mustard-gas,Mustard Gas /,,full_page,munchkin-impossible
mutant,Mutant,Мутант,full_page,star-munchkin|the-clown-wars
mutant-0,Mutant,Мутант,full_page,super-munchkin|the-narrow-s-cape
mutated,Mutated,Мутировавший,full_page,apocalypse|munchkin-apocalypse
mutation,Mutation,Мутация,full_page,munchkin-cthulhu
mutilate-the-bodies,Mutilate the Bodies,Поглумись над телами ...,full_page,munchkin
mutiny,Mutiny!,Бунт на корабле!,full_page,munchkin-booty
my-grandpappys,My Grandpappy's ... /,,full_page,the-good-the-bad-and-the-munchkin
my-kung-fu-is-superior,My Kung Fu Is Superior!,Моё Кунг-фу Лучше Твоего!,full_page,munchkin-fu
mylar-armor,Mylar Armor,Лавсановая броня,full_page,the-narrow-s-cape
mystic,Mystic,Мистик,full_page,super-munchkin|the-narrow-s-cape
mystic-scribble,Mystic Scribble,Загадочные каракули,full_page,munchkin-cthulhu
mystic-visions,Mystic Visions,Мистические видения,full_page,munchkin-cthulhu
mythic,Mythic,Мифический,full_page,munchkin-legends
nabonidus-the-red-priest,"Nabonidus, the Red Priest /",,full_page,munchkin-conan
nacho-flavored-yogurt-grenade,Nacho Flavored Yogurt Grenade,Сырно-йогуртная граната,full_page,the-clown-wars
naginata-of-ever-growing-mastery,Naginata Of Ever-Growing Mastery,Нагината Вечно Растущего Мастерства,full_page,munchkin-fu
nail-gun,Nail Gun,Гвоздилла,full_page,apocalypse|munchkin-apocalypse
napoleon-so-low,Napoleon So-Low /,,full_page,munchkin-impossible
narrow-minded,Narrow-Minded /,,full_page,munchkin-reloaded
narrow-passage,Narrow Passage,Узкий проход,full_page,demented-dungeon|demented-dungeons
narrow-s-cape,"Narrow ""S"" Cape",Улётный плащ,full_page,the-narrow-s-cape
nasty-tasting-sports-drink,Nasty-Tasting Sports Drink,Настройка горькая на спорту,full_page,munchkin
national-gourd,National Gourd,Национальная тыквардия,full_page,apocalypse|munchkin-apocalypse
naughty,Naughty,Паршивец,full_page,munchkin-naughty-nice|naughty-nice|waiting-for-santa
navel-gunnery,Navel Gunnery,Плотская артиллерия,full_page,munchkin-booty
navy,Navy,Флотский,full_page,jump-the-shark|munchkin-booty
necklace-of-ishtar,Necklace of Ishtar /,,full_page,munchkin-conan
necrocomicon,Necrocomicon,Некрокомикон,full_page,munchkin-cthulhu
necrognomicon,Necrognomicon,Некрогномикон,full_page,munchkin-cthulhu
necromancer,Necromancer,Некромант,full_page,munchkin-bites
necromancer-0,Necromancer,Некромант,full_page,munchkin-pathfinder
necrominicon,Necrominicon /,,full_page,the-unspeakable-vault
necronomicon,Necronomicon,Некрономикон,full_page,munchkin-cthulhu
necronookiecon,Necronookiecon,Эрономикон,full_page,munchkin-cthulhu
necrophobia,Necrophobia,Некрофобия,full_page,unnatural-axe
necrotelecom,Necrotelecom,Некротелеком,full_page,munchkin-cthulhu
need-lubrication,Need Lubrication!,Суставы заржавели,full_page,munchkin-steampunk
nelsons-blood,Nelson's Blood,Кровь Нельсона,full_page,munchkin-booty
nemedian-adventurer,Nemedian Adventurer /,,full_page,munchkin-conan
nemedian-chronicles,Nemedian Chronicles /,,full_page,munchkin-conan
nemedian-greatsword,Nemedian Greatsword /,,full_page,munchkin-conan
neon-kimono,Neon Kimono,Неоновое Кимоно,full_page,munchkin-fu
nerds-of-prey,Nerds of Prey,Хищники-айтишники,full_page,the-clown-wars
net-troll,Net Troll,Сетевой тролль,full_page,munchkin
neurology-lab-of-the-dead,Neurology Lab of the Dead /,,full_page,hideous-hideouts
neuronic-whip,Neuronic Whip,Нейрохлыст,full_page,star-munchkin
new-costume,New Costume,Новый костюм,full_page,super-munchkin
new-edition-rules,New Edition Rules,Новая редакция правил,full_page,unnatural-axe
new-whirled-order,New Whirled Order,Вихри враждебные,full_page,sheep-impact
newt,Newt,Тритончик,full_page,half-horse-will-travel
nice,Nice,Паинька,full_page,munchkin-naughty-nice|naughty-nice|waiting-for-santa
night-bulls,Night Bulls /,,full_page,axe-cop|munchkin-axe-cop
night-hag,Night-Hag,Ведьма,full_page,munchkin-bites
night-monster,Night Monster /,,full_page,axe-cop|munchkin-axe-cop
night-monster-goggles,Night Monster Goggles /,,full_page,axe-cop|munchkin-axe-cop
nightgaunts,Nightgaunts /,,full_page,the-unspeakable-vault
nightie-gaunts,Nightie-Gaunts,Ночнушные страдалицы,full_page,munchkin-cthulhu
nightstick,Nightstick,Ночное темнило,full_page,half-horse-will-travel
ninja,Ninja /,,full_page,monky-business
ninja-0,Ninja,Ниндзя,full_page,munchkin-fu
ninja-1,Ninja,Ниндзя,full_page,munchkin-zombies
ninja-caltrops,Ninja Caltrops,Шипы Ниндзя,full_page,munchkin-fu
ninja-climbing-shoes,Ninja Climbing Shoes,Ниндзевы Тапки Восхождений,full_page,munchkin-fu
ninja-giant,Ninja Giant,Ниндзя-великан,full_page,the-need-for-steed
ninja-mask,Ninja Mask,Маска Ниндзя,full_page,munchkin-fu
no-brain-no-pain,"No Brain, No Pain",Блаженны нищие мозгом,full_page,armed-and-dangerous
no-brainer,No-Brainer,Безмозган,full_page,star-munchkin
no-no-kimono,No-No Kimono /,,full_page,monky-business
no-wei,No Wei,Ниш Тяк,full_page,munchkin-fu
nobeard,Nobeard,Безбородина,full_page,munchkin-booty
noble,Noble /,,full_page,munchkin-conan
non-euclidean-map,Non-Euclidean Map,Неевклидова карта,full_page,munchkin-cthulhu
nonconformist-rabbit,Nonconformist Rabbit /,,full_page,axe-cop|munchkin-axe-cop
nonfat-soy-no-whip-skinny-half-caf-fair-trade-ventitre-mocha-latte,Nonfat Soy No-Whip Skinny Half-Caf Fair Trade Ventitre Mocha Latte,Тройной маложирный мокко латте на соевом молоке с пониженным содержанием кофеина без сливок,full_page,munchkin-hipsters
norns,Norns,Норны,full_page,munchkin-pathfinder
north-pole,North Pole /,,full_page,santas-revenge
nose-tromo,Nose-tromo /,,full_page,space-ships
nosfertutu,Nosfertutu /,,full_page,pants-macabre
not-so-fast-me-bucko,"Not So Fast, Me Bucko!","Убавь парусов, салага!",full_page,munchkin-booty
not-so-secret-police,Not So Secret Police /,,full_page,munchkin-impossible
not-worth-a-hill-o-beans,Not Worth a Hill o' Beans /,,full_page,beating-a-dead-horse
nova-flash-grenade,Nova Flash Grenade,Сверхнововзрывная Граната,full_page,star-munchkin
now-is-the-feasting-of-swords,Now Is The Feasting Of Swords! /,,full_page,munchkin-conan
nuclear-family,Nuclear Family,Ядерная семейка,full_page,sheep-impact
nuclear-plant-of-the-dead,Nuclear Plant of the Dead /,,full_page,hideous-hideouts
nuclear-reactor,Nuclear Reactor,Ядерный реактор,full_page,super-munchkin
nudist-ranch,Nudist Ranch /,,full_page,munchkin-impossible
nukular-blast,Nukular Blast,Катастрофа! Ядрёна бонба,full_page,apocalypse|munchkin-apocalypse
nun,Nun,Монашка,full_page,munchkin-zombies
nurse,Nurse,Медсестра,full_page,munchkin-zombies
nurse-shark,Nurse Shark /,,full_page,jump-the-shark
nutcracker,Nutcracker /,,full_page,santas-revenge
nutski-the-squirrel,Nutski the Squirrel /,,full_page,munchkin-skullkickers|skullkickers
nyarly,Nyarly /,,full_page,the-unspeakable-vault
nyukhees,Nyukhees,Ньюхи,full_page,munchkin-cthulhu
o-rlyeh,O R'lyeh?,О Р'лиэх?,full_page,munchkin-cthulhu
obedient-brute,Obedient Brute,Послушный громила,full_page,the-narrow-s-cape
obliterate-peaceful-planet,Obliterate Peaceful Planet,Уничтожение Мирной Планеты,full_page,star-munchkin
oblivious,Oblivious,Рассеянный,full_page,munchkin-zombies
obnoxious-kids-in-black,Obnoxious Kids In Black /,,full_page,munchkin-impossible
obscure,Obscure,Малоизвестный,full_page,munchkin-hipsters
obsessive,Obsessive,Одержимый,full_page,half-horse-will-travel
obtuse-angel,Obtuse Angel,Тупой ангел,full_page,half-horse-will-travel
obvious-weak-point,Obvious Weak Point,Легкоуязвимый,full_page,munchkin-steampunk
octobear,Octobear,Осьмимишка,full_page,apocalypse|munchkin-apocalypse
odd-bodkin,Odd Bodkin,Нечётник,full_page,the-narrow-s-cape
of-biblical-proportions,...Of Biblical Proportions /,,full_page,jump-the-shark
of-destiny,...of Destiny,…Судьбы,full_page,the-need-for-steed
of-doom,...of Doom!,...Погибели!,full_page,unnatural-axe
of-love,...Of Love,Влюбленный,full_page,cheat-with-both-hands
of-my-grandfather,...Of My Grandfather,…Моего Прадеда,full_page,munchkin-fu
of-the-dead,...Of the Dead /,,full_page,pants-macabre
of-the-middle-aged-gods,...Of The Middle-Aged Gods,…пожилых богов,full_page,munchkin-cthulhu
offend-the-little-folk,Offend the Little Folk,Ссора с маленьким народцем,full_page,munchkin-legends
office-supplies-man,Office Supplies Man,Канцелятор,full_page,super-munchkin
office-zombie,Office Zombie,Офисный зомби,full_page,munchkin-zombies
officer,Officer,Офицер,full_page,munchkin-steampunk
officer’s-cap,Officer’s Cap,Офицерская фуражка,full_page,apocalypse|munchkin-apocalypse
official-mythos,Official Mythos...,Оригинальный,full_page,munchkin-cthulhu
ogre,Ogre,Ходячий Ужас,full_page,star-munchkin
ogre-achiever,Ogre Achiever,Огр-карьерист,set_listing_only,munchkin-pathfinder
ogre-magus,Ogre Magus,,set_listing_only,monky-business
oil-gun,Oil Gun /,,full_page,axe-cop|munchkin-axe-cop
oil-of-boiling,Oil of Boiling,Маслёнка-палёнка,full_page,clerical-errors
oil-of-ole,Oil of Ole,Матадорная паста,full_page,de-ranged
old-betsy,Old Betsy /,,full_page,beating-a-dead-horse
old-edition,Old Edition,Старая Редакция,full_page,cheat-with-both-hands
old-grouch,Old Grouch,Старый ворчун,full_page,armed-and-dangerous
old-king-coal,Old King Coal,Король угольной горы,full_page,munchkin-steampunk
old-man-nodens,Old Man Nodens /,,full_page,call-of-cowthulhu
old-plug,Old Plug /,,full_page,beating-a-dead-horse
ommoraki,Ommoraki,,set_listing_only,monky-business
on-fire,On Fire,В огне,full_page,munchkin-zombies
on-sail-now,On Sail Now! /,,full_page,jump-the-shark
on-the-phone,On the Phone,Болтающий по телефону,full_page,armed-and-dangerous
one-ring-sword,One-Ring Sword,Меч одного кольца,set_listing_only,munchkin-pathfinder
one-size-fits-all,One Size Fits All,Универсальный размер,full_page,clerical-errors
one-trick-pony,One-Trick Pony /,,full_page,beating-a-dead-horse
one-with-everything,One With Everything,,set_listing_only,monky-business
onibi,Onibi,,set_listing_only,monky-business
ooze-with-uzi,Ooze with Uzi,"Жижа с ""узи""",full_page,the-need-for-steed
orangutan,Orangutan,Орангутан,full_page,armed-and-dangerous
orb-of-prediction,Orb of Prediction,Шар Предсказания,full_page,star-munchkin
orbital-decay,Orbital Decay,Ловушка! Орбитальный распад,full_page,the-clown-wars
orbital-hq,Orbital HQ,Штаб-орбита,full_page,super-munchkin
orc,Orc,Орк,full_page,clerical-errors|de-ranged|the-need-for-steed|unnatural-axe
orc-hireling,Orc Hireling,Орк-наёмничек,full_page,the-need-for-steed
orc-mathguard,Orc Mathguard /,,full_page,munchkin-penny-arcade|penny-arcade
orc-of-the-covenant,Orc of the Covenant,Ветхозаветный пророрк,full_page,de-ranged
order-of-st-cuthbert,Order of St. Cuthbert,Орден святого Кутберта,set_listing_only,munchkin-steampunk
organ-donor,Organ Donor,Почётный донор органов,full_page,sheep-impact
organic-health-potion,Organic Health Potion,Лечебное зелье из натуральных ингредиентов,full_page,munchkin-hipsters
origami-dragon,Origami Dragon,Дракон Оригами,full_page,munchkin-fu
origin-bathed-in-strange-energies,Origin: Bathed In Strange Energies,Омовение нездешней энегрией,full_page,super-munchkin
origin-bitten-by-radioactive-chihuahua,Origin: Bitten By Radioactive Chihuahua,Укус радиоактивной чихуахуа,full_page,super-munchkin
origin-government-experiment-gone-wrong,Origin: Government Experiment Gone Wrong,Неудачный правительственный эксперимент,full_page,super-munchkin
origin-radio-fell-in-bathtub,Origin: Radio Fell In Bathtub,Приёмник в ванной,full_page,super-munchkin
origin-stubbed-toe,Origin: Stubbed Toe,Ушиб пальца,full_page,super-munchkin
origin-touched-ancient-idol,Origin: Touched Ancient Idol,Контакт с древним идолом,full_page,super-munchkin
ornery,Ornery /,,full_page,the-good-the-bad-and-the-munchkin
orpheus’-lyre,Orpheus’ Lyre,Лира Орфея,full_page,munchkin-legends
otto,Otto /,,full_page,space-ships
out-of-calling-cards,Out of Calling Cards!,Закончились визитки,full_page,munchkin-steampunk
out-of-game-benefits,Out-Of-Game Benefits /,,full_page,munchkin-the-guild
out-of-phlebotinium,Out of Phlebotinium!,Закончился флеботиниум,full_page,munchkin-steampunk
out-of-the-frying-pan-into-the-fire,"Out of the Frying Pan, Into the Fire",Из огня да в полымя,full_page,apocalypse|munchkin-apocalypse
out-to-lunch,Out to Lunch,Ушёл на базу,full_page,munchkin
outboard-motor,Outboard Motor /,,full_page,jump-the-shark
outlaw,Outlaw /,,full_page,the-good-the-bad-and-the-munchkin
outrun-the-weather,Outrun the Weather,Убеги от бури,full_page,sheep-impact
outside,Outside!,Открытый космос,full_page,the-clown-wars
over-bear,Over Bear,Надмедведь,full_page,clerical-errors
overly-helpful-woodland-creatures,Overly Helpful Woodland Creatures,Неотвязные лесные помощники,set_listing_only,munchkin-princesses
ovinrbaane,Ovinrbaane,Овинрбаан,set_listing_only,munchkin-pathfinder
owl-bare,Owl Bare,Голофилин,full_page,the-need-for-steed
oxford-education,Oxford Education,Корочки из Оксфорда,set_listing_only,munchkin-steampunk
oxymoron,Oxymoron,Абыкто,full_page,de-ranged
oyster-bunny,Oyster Bunny /,,full_page,jump-the-shark
ozathoth,Ozathoth,Австратот,full_page,munchkin-cthulhu
pack-rat,Pack Rat,Запасюк,full_page,clerical-errors
packmates,Packmates /,,full_page,pants-macabre
paddleball,Paddleball,Стрельба глазами,full_page,munchkin-zombies
paint-horse,Paint Horse /,,full_page,the-good-the-bad-and-the-munchkin
paint-the-town-red,Paint the Town Red /,,full_page,beating-a-dead-horse
paintball-gun,Paintball Gun,Пейнтбольный ствол,full_page,apocalypse|munchkin-apocalypse
panic-the-villagers,Panic The Villagers /,,full_page,munchkin-skullkickers|skullkickers
pants-macabre,Pants Macabre /,,full_page,pants-macabre
pantyhose-of-giant-strength,Pantyhose of Giant Strength,Колготки великанской силы,full_page,munchkin
paper-plate-mail,Paper Plate Mail,Вторсырпанцирь,full_page,de-ranged
para-neuronic-educator,Para-Neuronic Educator!,Паранейронный обучатель,full_page,munchkin-steampunk
parachute-pants,Parachute Pants,Штаны-парашют,full_page,sheep-impact
paradox-in-a-box,Paradox In A Box,Коробок-с-Парадокс,full_page,star-munchkin
parallel-dimension,Parallel Dimension /,,full_page,crazed-caverns
paralysis-wand,Paralysis Wand,Жезл-Парализатор,full_page,star-munchkin
paramagnetic-fixative-vapour,Paramagnetic Fixative Vapour,Парамагнитный паровой фиксатор,full_page,munchkin-steampunk
paranoid,Paranoid,Параноик,full_page,apocalypse|munchkin-apocalypse
parapsychologist,Parapsychologist /,,full_page,pants-macabre
parasol,Parasol,Парасоль,set_listing_only,munchkin-steampunk
parrot,Parrot,Попугай,full_page,munchkin-booty
passion-potion,Passion Potion,Приворотное зелье,full_page,munchkin-legends
paste-pot,Paste Pot,Горшочек мастики,set_listing_only,munchkin-pathfinder
patchwork-zombie,Patchwork Zombie,Лоскутный зомби,full_page,armed-and-dangerous
patent-medicine,Patent Medicine /,,full_page,the-good-the-bad-and-the-munchkin
pathfinder,Pathfinder,Искатель,set_listing_only,munchkin-pathfinder
patriot-axe,Patriot Axe,Державный топор,full_page,sheep-impact
paul-bunion,Paul Bunion /,,full_page,the-good-the-bad-and-the-munchkin
paul-bunyan’s-axe,Paul Bunyan’s Axe,Топор Пола Баньяна,full_page,munchkin-legends
paws-button,Paws Button,Кнопка «Поставь на мяузу»,full_page,munchkin-kittens
pax-pox,PAX Pox /,,full_page,munchkin-penny-arcade|penny-arcade
pay-for-the-pizza,Pay For The Pizza,Заплати за пиццу,full_page,unnatural-axe
pay-the-ferryman,Pay the Ferryman,Заплати перевозчику,full_page,munchkin-legends
payoff,Payoff /,,full_page,munchkin-impossible
payroll-tax,Payroll Tax,Налог на зарплату,full_page,the-need-for-steed
pe-teacher,PE Teacher,Физрук,full_page,armed-and-dangerous
pea-coat,Pea Coat,Бушлат,set_listing_only,munchkin-steampunk
peace-pipe,Peace Pipe /,,full_page,the-good-the-bad-and-the-munchkin
pearls-of-wisdom,Pearls of Wisdom,,set_listing_only,monky-business
pecos-bull,Pecos Bull /,,full_page,the-good-the-bad-and-the-munchkin
pedal-reduplicator,Pedal Reduplicator,Шагоходный редупликатор,set_listing_only,munchkin-steampunk
pedicab-driver,Pedicab Driver /,,full_page,armed-and-dangerous
peek-at-the-scenario,Peek At The Scenario,Запали Сценарий,full_page,cheat-with-both-hands
pegasus-steed,Pegasus Steed,Гарцующий Пегас,full_page,munchkin-promo
people-of-the-dark,People of the Dark /,,full_page,munchkin-conan
pep-talk-from-your-avatar,Pep Talk From Your Avatar /,,full_page,munchkin-the-guild
pepper-spray,Pepper Spray,Перцовый спрей,full_page,apocalypse|munchkin-apocalypse
percontation,Percontation,Ищейство,full_page,munchkin-bites
perfect-hair,Perfect Hair,Идеальная причёска,full_page,munchkin-bites
perfect-hiding-place,Perfect Hiding Place,Идеальное укрытие,full_page,munchkin-zombies
perfectly-good-blue-shark,Perfectly Good Blue Shark,Порядочная голубая акула,full_page,munchkin-booty
perfectly-ordinary-bunny-rabbit,Perfectly Ordinary Bunny Rabbit,Абсолютно обычный кролик,full_page,clerical-errors
perfume-atomizer,Perfume Atomizer,Распылитель,full_page,sheep-impact
permanent-wave,Permanent Wave,Упрямая Кудряшка,full_page,star-munchkin
perquisition,Perquisition /,,full_page,pants-macabre
pesh,Pesh,Пеш,full_page,munchkin-pathfinder
pet-monkey,Pet Monkey,Ручная мартышка,full_page,munchkin-zombies
pet-monster,Pet Monster /,,full_page,fairy-dust|munchkin-fairy-dust
pet-raven,Pet Raven /,,full_page,pants-macabre
peter-cottonmouth,Peter Cottonmouth /,,full_page,munchkin-easter-eggs
pets-in-black,Pets In Black /,,full_page,munchkin-impossible
phantasm,Phantasm,Фантазм,full_page,munchkin-legends
phat-bat,Phat Bat /,,full_page,pants-macabre
phillips-head-shark,Phillips-Head Shark /,,full_page,jump-the-shark
philosophers-scone,Philosopher's Scone,Философский пельмень,full_page,de-ranged
phoenix-steed,Phoenix Steed,Феникс,full_page,half-horse-will-travel
phone-booth-out-of-order,Phone Booth Out Of Order!,Неисправная телефонная будка!,full_page,the-narrow-s-cape
phone-fu,Phone Fu,Фон-Фу,full_page,munchkin-fu
photofloods,Photofloods,Освещатель,full_page,apocalypse|munchkin-apocalypse
photon-cutlass,Photon Cutlass,Фотонный Тесак,full_page,star-munchkin
phrenological-adjustor,Phrenological Adjustor,Френологический настройщик,set_listing_only,munchkin-steampunk
piano-tuna,Piano Tuna,Тунец-певец,full_page,munchkin-booty
picnic,Picnic! /,,full_page,pants-macabre
pict-raiding-party,Pict Raiding Party /,,full_page,munchkin-conan
pictish-hatchet,Pictish Hatchet /,,full_page,munchkin-conan
piercing-shriek,Piercing Shriek,Пронзительный крик,full_page,munchkin-cthulhu
pigsticker,Pigsticker /,,full_page,beating-a-dead-horse
pike,Pike,Колюшка,full_page,de-ranged
pinata,Pinata,Пиньята,full_page,unnatural-axe
pinball-lizard,Pinball Lizard,Пинбольный ящер,full_page,half-horse-will-travel
pink-stamps,Pink Stamps,Розовые Марки,full_page,star-munchkin
pipe,Pipe,Трубка,full_page,munchkin-steampunk
pirate,Pirate,Пират,full_page,jump-the-shark|munchkin-booty
pirate-radio,Pirate Radio /,,full_page,jump-the-shark
pirate-sheep,Pirate Sheep,Каррамбараниха,full_page,the-need-for-steed
pit-bull,Pit Bull,Питбуль,full_page,munchkin
pitchfork,Pitchfork,Вилы,full_page,armed-and-dangerous
pith-helmet,Pith Helmet,Пробковый шлем,full_page,munchkin-steampunk
pithecanthropine-atavism,Pithecanthropine Atavism,Питекантроп- атавизм,full_page,munchkin-steampunk
pixie-potion,Pixie Potion /,,full_page,fairy-dust|munchkin-fairy-dust
pixie-stick,Pixie Stick /,,full_page,pants-macabre
pizza-guy,Pizza Guy,Пицценосец,full_page,munchkin-zombies
plague-of-notaries,Plague of Notaries,Катастрофа! Нашествие бюрократов,full_page,apocalypse|munchkin-apocalypse
plague-rats,Plague Rats,Чумные крысы,full_page,unnatural-axe
plague-stricken,Plague-Stricken,Чумной,full_page,munchkin-pathfinder
plague-zombie,Plague Zombie,Заразный зомби,full_page,armed-and-dangerous|munchkin-zombies
plaid-max,Plaid Max,Безмозглый Макс,full_page,sheep-impact
planned-obsolescence,Planned Obsolescence,Плановое Устаревание,full_page,star-munchkin
plans-for-trans-caucasus-hydro-electric-scheme,Plans for Trans-Caucasus Hydro-Electric Scheme,Планы транскавказских гидроэлектрических схем,set_listing_only,munchkin-steampunk
plasma-cannon,Plasma Cannon,Плазмопушка,full_page,the-clown-wars
plasmoid,Plasmoid,Плазмоид,full_page,star-munchkin
plastic-nun,Plastic Nun,Монашка на бардачке,full_page,de-ranged
plastic-sheeting,Plastic Sheeting,Полиэтилен,full_page,apocalypse|munchkin-apocalypse
platinum-card,Platinum Card,Платиновая карта,full_page,apocalypse|munchkin-apocalypse
platinum-poignard,Platinum Poignard,Платиновый кортик,set_listing_only,munchkin-steampunk
platycore,Platycore,Утконтикора,full_page,munchkin
play-reindeer-games,Play Reindeer Games /,,full_page,reindeer-games
playboy,Playboy /,,full_page,munchkin-impossible
plot-device,Plot Device,Набор для Воплощения Замыслов,full_page,star-munchkin
plot-device-0,Plot Device,Двигатель сюжета,full_page,super-munchkin
plumber,Plumber,Водопроводчик,full_page,armed-and-dangerous
plumbers,Plumbers /,,full_page,munchkin-impossible
plumber’s-snake,Plumber’s Snake,Змеевик,full_page,half-horse-will-travel
plunger,Plunger /,,full_page,axe-cop|munchkin-axe-cop
plushy-skull,Plushy Skull,Плюшевый череп,full_page,the-need-for-steed
pluto,Pluto,Плутон,full_page,munchkin-legends
plutonium-dragon,Plutonium Dragon,Плутониевый дракон,full_page,munchkin
pocket-full-of-poseys,Pocket Full of Poseys,Ромашки в кармашке,full_page,munchkin-legends
pocket-swap,Pocket Swap,Шарим по карманам,set_listing_only,munchkin-pathfinder
pocket-watch-grenades,Pocket Watch Grenades,Часовые бомбочки,full_page,munchkin-steampunk
pod-people,Pod People,Ай,full_page,apocalypse|munchkin-apocalypse
pogo-stick,Pogo Stick,Пружинная ходуля,full_page,super-munchkin
pogo-stick-0,Pogo Stick,Палка-скакалка,full_page,munchkin-zombies
pointy-hat-of-power,Pointy Hat of Power,Остроконечная шляпа Могущества,full_page,munchkin
poison-darts,Poison Darts,Отравленные Дротики,full_page,munchkin-fu
poison-ivy-kudzu-flytrap,Poison Ivy Kudzu Flytrap,Кудзу- ядовитая мухоловка,full_page,clerical-errors
poison-tooth,Poison Tooth /,,full_page,munchkin-impossible
poisonberry-syrup,Poisonberry Syrup,Ядовичный сироп,full_page,half-horse-will-travel
poisoned,Poisoned,Ядированный,full_page,clerical-errors
poisoned-chopsticks,Poisoned Chopsticks,Травленые Палочки,full_page,munchkin-fu
pole-arm,Pole Arm,Рука-оглобля,set_listing_only,munchkin-pathfinder
police-dog,Police Dog,Полипёс,full_page,apocalypse|munchkin-apocalypse
politically-correct,Politically Correct,Политкорректность,full_page,de-ranged
polly-hedron,Polly Hedron,Попкаэдр,full_page,the-need-for-steed
polly-polyp,Polly Polyp,Попка-полип,full_page,munchkin-cthulhu
pollymorph-potion,Pollymorph Potion,Зелье Попуморфа,full_page,munchkin
pool-shark,Pool Shark /,,full_page,jump-the-shark
poop-deck,Poop Deck,Отхожая палуба,full_page,munchkin-booty
pork-chop,Pork Chop,Окорок,full_page,munchkin-zombies
portable-hole,Portable Hole,Переносная Нора,full_page,cheat-with-both-hands
portable-precipitator,Portable Precipitator,Портативный низвергатель,full_page,munchkin-steampunk
portal-of-cavortal,Portal of Cavortal /,,full_page,terrible-tombs
portal-of-mystery,Portal Of Mystery,Таинственный портал,full_page,munchkin-cthulhu
portal-of-riotous-reunion,Portal of Riotous Reunion /,,full_page,terrible-tombs
pose-for-a-portrait,Pose for a Portrait /,,full_page,call-of-cowthulhu
poseur,Poseur,Позёр,full_page,munchkin-hipsters
post-mortem,Post Mortem,,set_listing_only,munchkin-undead
pot-bellied-stove,Pot-Bellied Stove /,,full_page,call-of-cowthulhu
pot-bellied-werewolf,Pot-Bellied Werewolf /,,full_page,munchkin-skullkickers|skullkickers
potion-of-apathy,Potion of Apathy,Зелье апатии,full_page,clerical-errors
potion-of-cowardice,Potion of Cowardice,Зелье Трусости,full_page,unnatural-axe
potion-of-disbelief,Potion of Disbelief,Зелье Неверия,full_page,unnatural-axe
potion-of-distraction,Potion of Distraction,Зелье отвлечения,full_page,munchkin-legends
potion-of-ennui,Potion of Ennui,Зелье пренебрежения,full_page,munchkin-bites
potion-of-flight,Potion of Flight,Зелье Полёта,full_page,unnatural-axe
potion-of-general-studliness,Potion of General Studliness,Зелье Крутизны,full_page,munchkin
potion-of-halitosis,Potion of Halitosis,Зелье Ротовой Вони,full_page,munchkin
potion-of-idiotic-bravery,Potion of Idiotic Bravery,Зелье Идиотской Храбрости,full_page,munchkin
potion-of-irrelevancy,Potion of Irrelevancy,Зелье несуразности,set_listing_only,munchkin-pathfinder
potion-of-just-deserts,Potion of Just Deserts,Зелье пропесочивания,full_page,munchkin-legends
potion-of-ridiculous-size,Potion of Ridiculous Size,Зелье Несуразного Размера,full_page,cheat-with-both-hands
potion-of-sphinx-stinx,Potion of Sphinx Stinx,Зелье сфункса,full_page,munchkin-legends
potion-of-torpor,Potion of Torpor,Зелье ступора,full_page,munchkin-bites
potted-plant,Potted Plant,Огоршённая трава,full_page,munchkin
poultrygeist,Poultrygeist,Бройлергейст,full_page,de-ranged
power-drain,Power Drain,Откачка могущества,full_page,the-narrow-s-cape
power-piercing,Power Piercing /,,full_page,pants-macabre
power-pilferer,Power Pilferer,Расхититель силы,full_page,the-narrow-s-cape
power-ring,Power Ring,Силовое кольцо,full_page,the-narrow-s-cape
power-station-of-the-dead,Power Station of the Dead /,,full_page,hideous-hideouts
power-through-fear,Power Through Fear /,,full_page,munchkinomicon
powered-armor,Powered Armor,Самостоятельные доспехи,full_page,super-munchkin
powers-change,Powers Change,Смена силы,full_page,munchkin-bites
practice-match,Practice Match,Учебный Бой,full_page,munchkin-fu
prairie-oyster,Prairie Oyster /,,full_page,beating-a-dead-horse
praise-gms-morbid-poetry,Praise GM's Morbid Poetry,Воздай хвалу бредовым стихам мастера,full_page,munchkin-bites
prehensile-pigtails,Prehensile Pigtails,Хваткие хвостики,full_page,super-munchkin
prehensile-tongue,Prehensile Tongue,Хваткий язык,full_page,armed-and-dangerous
prehistoric-axe,Prehistoric Axe,Доисторический топор,full_page,munchkin-cthulhu
prehistoric-fetish,Prehistoric Fetish,Доисторический фетиш,full_page,munchkin-bites
presidential-proclamation,Presidential Proclamation,Президентское обращение,full_page,apocalypse|munchkin-apocalypse
press-on-wings,Press-On Wings,Пристяжные крылья,full_page,the-need-for-steed
pretentious,Pretentious,Претенциозный,full_page,munchkin-hipsters
pretty-balloons,Pretty Balloons,Миленькие шарики,full_page,munchkin
pretzel-head,Pretzel Head /,,full_page,axe-cop|munchkin-axe-cop
price-controls,Price Controls,Катастрофа! Рост цен,full_page,apocalypse|munchkin-apocalypse
price-on-yer-head,Price On Yer Head!,Цена за голову!,full_page,munchkin-booty
primal-chaos,Primal Chaos,Первозданный Хаос,full_page,munchkin-bites
prince-charmless,Prince Charmless,Непрекрасный принц,full_page,munchkin-princesses
prince-of-whales,Prince of Whales,Принц Китский,full_page,munchkin-booty
princess,Princess,Принцесса,full_page,munchkin-princesses
princess-akivasha,Princess Akivasha /,,full_page,munchkin-conan
privatears,Privatears,Ухапёры,full_page,munchkin-booty
prize-winning-preserves,Prize-Winning Preserves /,,full_page,call-of-cowthulhu
professional-qualifications-challenged,Professional Qualifications Challenged!,Комиссия по профпригодности,full_page,munchkin-steampunk
professor,Professor,Профессор,full_page,call-of-cowthulhu|munchkin-cthulhu|the-unspeakable-vault
professor-moribundy,Professor Moribundy /,,full_page,munchkin-impossible
professor-polar,Professor Polar,Профессор Поляр,full_page,super-munchkin
professor-teslas-electrical-protective-device,Professor Tesla's Electrical Protective Device,Электрическое защитное устройство профессора Теслы,full_page,munchkin-cthulhu
promise-the-gm-youll-stop-telling-him-about-your-character,Promise The GM You'll Stop Telling Him About Your Character,"Обещай Мастеру, что прекратишь травить байки о своем персонаже",full_page,unnatural-axe
prop-armor,Prop Armor,,set_listing_only,monky-business
proper-nutrition,Proper Nutrition,Питание по науке,full_page,munchkin-zombies
prophecies-of-nostradamus,Prophecies of Nostradamus,Пророчества Нострадамуса,full_page,apocalypse|munchkin-apocalypse
protest-sign,Protest Sign,Транспарант протеста,full_page,apocalypse|munchkin-apocalypse
protester,Protester,Протестушка,full_page,munchkin-zombies
psi-helmet,Psi Helmet,Пси-шлем,full_page,the-clown-wars
psi-psheriff,Psi Psheriff,Пси-Псшериф,full_page,star-munchkin
psychic,Psychic,Сенс,full_page,star-munchkin|the-clown-wars
psychic-blast,Psychic Blast,Взрыв мозга,full_page,super-munchkin
psychic-hireling,Psychic Hireling,Экстрасенс-наёмничек,full_page,half-horse-will-travel
psycho-electrodes,Psycho-Electrodes,Психоэлектроды,full_page,super-munchkin
psycho-squirrel,Psycho Squirrel,Психобелка,full_page,unnatural-axe
pterodactyl,Pterodactyl,Птеродактиль,full_page,unnatural-axe
puffer-fish,Puffer Fish,Рыба-дунь,full_page,munchkin-booty
pugwampi,Pugwampi,Крысакал,set_listing_only,munchkin-pathfinder
puissance,Puissance,Атлетия,full_page,munchkin-bites
pukachu,Pukachu,Рыгачу,full_page,munchkin
pumpkinhead,Pumpkinhead,Тыквоголовый,full_page,munchkin-bites
pumps,Pumps,Заправские туфли,set_listing_only,munchkin-pathfinder
punch-card,Punch Card,Убойная карта,full_page,munchkin-steampunk
punching-gun,Punching Gun /,,full_page,axe-cop|munchkin-axe-cop
punk-hairdo,Punk Hairdo,Панковский хайр,full_page,munchkin-bites
puny,Puny,Тщедушный,full_page,munchkin-legends
puppies-of-tindalos,Puppies of Tindalos /,,full_page,call-of-cowthulhu
purely-civilian-explosives,Purely Civilian Explosives,Чисто мирная взрывчатка,full_page,apocalypse|munchkin-apocalypse
purple-lotus-powder,Purple Lotus Powder /,,full_page,munchkin-conan
purrsonal-assistant,Purrsonal Assistant,Муррсональный помощник,full_page,munchkin-kittens
quad-mounted-laser,Quad-Mounted Laser /,,full_page,space-ships
quantum-lepus,Quantum Lepus /,,full_page,munchkin-easter-eggs
quarter-horse,Quarter Horse /,,full_page,the-good-the-bad-and-the-munchkin
quarter-reef-the-capstans,Quarter-Reef the Capstans /,,full_page,jump-the-shark
quest-in-the-depths-of-time-and-space,Quest In The Depths Of Time And Space,Путешествие в глубины пространства и времени,full_page,the-narrow-s-cape
quetzalcoatl,Quetzalcoatl,Кетцалькоатль,full_page,munchkin-legends
quick-draw,Quick-Draw /,,full_page,the-good-the-bad-and-the-munchkin
quicker-ichor,Quicker Ichor,Скоростной гной,full_page,munchkin-cthulhu
quicksand,Quicksand /,,full_page,beating-a-dead-horse
r-p-s,R-P-S /,,full_page,pants-macabre
ra-ra-ra,Ra! Ra! Ra!,Ра! Ра! Ра!,full_page,munchkin-legends
raaiiiiinnnnnns,Raaiiiiinnnnnns!,Водааааа!,full_page,munchkin-zombies
rabbits,Rabbits! /,,full_page,axe-cop|munchkin-axe-cop
racing-stripes,Racing Stripes,Гоночные полоски,full_page,de-ranged
radioactive,Radioactive,Радиоактивный,full_page,star-munchkin
radioactive-aura,Radioactive Aura,Радиоактивная аура,full_page,super-munchkin
radium-gem,Radium Gem /,,full_page,munchkin-conan
radium-powered,Radium-Powered,Радиевый,full_page,munchkin-steampunk
rage-against-the-machine,Rage Against the Machine,Пойди против системы,full_page,munchkin-steampunk
ragnarocks,Ragnarocks,Каменные рагнарёки,full_page,apocalypse|munchkin-apocalypse
raid-the-lost-ark,Raid the Lost Ark,Вскрой утраченный ковчег,full_page,munchkin-legends
railroad-spike,Railroad Spike,Железнодорожный костыль,full_page,munchkin-cthulhu
rain-of-fire,Rain of Fire,Катастрофа! Огненный дождь,full_page,apocalypse|munchkin-apocalypse
rain-of-frogs,Rain of Frogs,Дождь из лягушек,full_page,sheep-impact
rain-of-weasels,Rain of Weasels,Будет ласковый дождь!,full_page,de-ranged
raincoat,Raincoat,Дождевик,full_page,unnatural-axe
raise-cain,Raise Cain,Подними Каина,full_page,munchkin-bites
raised-by-armadillos,Raised by Armadillos,Воспитанный броненосцами,full_page,the-narrow-s-cape
ralph-the-wonder-dog,Ralph the Wonder Dog,Чудо-пёс Ральф,full_page,the-clown-wars
ralph-wrinkles,Ralph Wrinkles /,,full_page,axe-cop|munchkin-axe-cop
ram,Ram /,,full_page,jump-the-shark
ram-steed,Ram Steed,Штурмовой баран,full_page,half-horse-will-travel
ran-aground,Ran Aground!,Сели на мели!,full_page,munchkin-booty
ranch-dressing,Ranch Dressing /,,full_page,the-good-the-bad-and-the-munchkin
ranch-hand,Ranch Hand /,,full_page,the-good-the-bad-and-the-munchkin
random-axe-of-kindness,Random Axe of Kindness,Неразборчивая секира добра,full_page,de-ranged
random-lawsuits,Random Lawsuits!,Тяжкие тяжбы!,full_page,the-narrow-s-cape
ranger,Ranger,Следопыт,full_page,de-ranged
ranger-hireling,Ranger Hireling,Следопыт-наёмничек,full_page,munchkin-promo
rankest-of-the-rank,Rankest of the Rank,Нечистая сила,full_page,armed-and-dangerous
rapier-of-unfairness,Rapier of Unfairness,Рапира Такнечестности,full_page,munchkin
rapier-twit,Rapier Twit,Задира с рапирой,full_page,clerical-errors
raptor-steed,Raptor Steed,Боевой раптор,full_page,the-need-for-steed
rapture-pox,Rapture Pox,Восхитительная оспа,set_listing_only,munchkin-pathfinder
raser,Raser,Бритвазер,full_page,star-munchkin
rat-on-a-stick,Rat on a Stick,Крыса на палочке,full_page,munchkin
rations-spoiled,Rations Spoiled,Еда протухла!,full_page,the-need-for-steed
rats-everywhere,Rats Everywhere!,Нашествие крыс!,full_page,munchkin-booty
ratwoman,Ratwoman,Женщина-крыса,full_page,the-narrow-s-cape
ravenous,Ravenous,Прожорливый,full_page,the-need-for-steed
raving,Raving,Бесноватый,full_page,munchkin-cthulhu
ray-gun,Ray Gun,Лучемет,full_page,star-munchkin
razor,Razor,Бритва,full_page,munchkin-booty
re-boots,Re Boots,Переобувка,full_page,the-narrow-s-cape
re-use-recycle-re-animate,"Re-Use, Recycle, Re-Animate",Отработка переработки,full_page,armed-and-dangerous
really-chainy-mail,Really Chainy Mail /,,full_page,conan-the-barbarian
really-impressive-title,Really Impressive Title,Реально впечатляющий титул,full_page,munchkin
really-long-bow,Really Long Bow,Реально длинный лук,full_page,munchkin-legends
really-really,"Really, Really /",,full_page,monster-enhancers
really-secret-agent,Really Secret Agent /,,full_page,munchkin-impossible
reanimate,Reanimate /,,full_page,munchkinomicon
reanimation-studio,(Re)Animation Studio /,,full_page,hideous-hideouts
recalled-toys,Recalled Toys /,,full_page,reindeer-games
recollection-plate,Recollection Plate,Лоток старателя,set_listing_only,munchkin-pathfinder
record-character-stats-in-base-8,Record Character Stats In Base 8,Веди записи в восьмеричном коде,full_page,the-clown-wars
recrimination,Recrimination /,,full_page,pants-macabre
red-drip,Red Drip,Красная пузырка,set_listing_only,munchkin-pathfinder
red-dwarf,Red Dwarf,Красный карлик,full_page,the-clown-wars
red-herring,Red Herring /,,full_page,jump-the-shark
red-mantis-assassin,Red Mantis Assassin,Наёмник ордена Красного богомола,set_listing_only,munchkin-pathfinder
red-shirt,Red Shirt,Краснорубах,full_page,star-munchkin|the-clown-wars
redbeard,Redbeard,Красная Борода,full_page,munchkin-booty
redneck-tree,Redneck Tree,Деревянщина,full_page,clerical-errors
redwood-staff,Redwood Staff,Посох из красного дерева,full_page,de-ranged
reformed-villain,Reformed Villain,Перевоспитанный злодей,full_page,the-narrow-s-cape
reincarnate-without-dying-first,Reincarnate Without Dying First,Реинкарнируй На Опережение,full_page,cheat-with-both-hands
reindeer,Reindeer /,,full_page,waiting-for-santa
reindeer-hat,Reindeer Hat /,,full_page,reindeer-games
reinforced,Reinforced,Упрочненный,full_page,cheat-with-both-hands
reject-the-conventional,Reject the Conventional,Отвергай заурядное,full_page,munchkin-hipsters
reloaded-die,Reloaded Die,Перечитерский кубик,full_page,armed-and-dangerous|beating-a-dead-horse|diplomatic-impunity|faun-and-games|half-horse-will-travel|jump-the-shark|munchkin-legends|munchkin-oz|munchkin-pathfinder|munchkin-reloaded|myth-prints|sheep-impact
remember-the-gms-birthday,Remember The GMs Birthday,Вспомни о днюхе мастера,full_page,clerical-errors
renegade-seal,Renegade Seal,Котступник,full_page,apocalypse|munchkin-apocalypse
repeating-crossbow-crossbow-crossbow,Repeating Crossbow Crossbow Crossbow,Многозарядный Арбалет Арбалет Арбалет,full_page,munchkin-fu
report-creatures-to-fbi,Report Creatures to FBI,Доложи о тварях агентам ФБР,full_page,munchkin-cthulhu
reporter,Reporter,Репортёр,full_page,armed-and-dangerous
rescue-a-comrade,Rescue a Comrade! /,,full_page,munchkin-conan
rescue-kitten,Rescue Kitten,Спаси котёнка,full_page,the-narrow-s-cape
rescue-little-suzy,Rescue Little Suzy,Спаси малютку Дуню,full_page,the-narrow-s-cape
rescue-the-sacrifice,Rescue The Sacrifice /,,full_page,munchkin-conan
rescue-yourself,Rescue Yourself,Спасение принцесс — дело рук самих принцесс,set_listing_only,munchkin-princesses
research-in-comic-shop,Research In Comic Shop,Поиск улик в комиксах,full_page,super-munchkin
resident-weevil,Resident Weevil,Обитель пчла,full_page,clerical-errors
resplendent-brass-kidney-splitter,Resplendent Brass Kidney-Splitter,Почечный Рассекатель из Сиятельной Меди,full_page,munchkin-fu
restful-havens-mortuary,Restful Havens Mortuary /,,full_page,hideous-hideouts
restraining-order,Restraining Order,Запретительное постановление,full_page,clerical-errors
resurrecticon,ResurrectiCon /,,full_page,hideous-hideouts
retractable-wheels,Retractable Wheels,Выдвижные колёсики,full_page,the-clown-wars
retro-rocket,Retro Rocket,Ретро-ракета,full_page,munchkin-steampunk
retroactive-continuity,Retroactive Continuity!,Изменение прошлого,full_page,super-munchkin
return-jewel-to-idol’s-eyev,Return Jewel to Idol’s Eyev,Верни самоцвет в око идола,set_listing_only,munchkin-steampunk
reveal-your-true-nature,Reveal Your True Nature,Покажи свою суть,full_page,munchkin-legends
revealing-costume,Revealing Costume,Разоблачающий Костюм,full_page,cheat-with-both-hands
revenant-warrior,Revenant Warrior /,,full_page,munchkin-conan
revivified-malefactor,Revivified Malefactor,Оживлённый душегуб,full_page,munchkin-steampunk
rewrite-that-dirty-old-character-sheet,Rewrite That Dirty Old Character Sheet,Перепиши старую грязную карточку персонажа,full_page,clerical-errors
rich-dessert,Rich Dessert,Знатное угощение,full_page,armed-and-dangerous
riches-beyond-imagination,Riches Beyond Imagination!,Несметные богатства,full_page,armed-and-dangerous
ride-into-the-sunset,Ride Into The Sunset /,,full_page,the-good-the-bad-and-the-munchkin
riding-a-robot-aero-dacto,...Riding A Robot Aero-Dacto /,,full_page,axe-cop|munchkin-axe-cop
right-angel,Right Angel,Прямой ангел,full_page,half-horse-will-travel
ring-of-beaminess,Ring of Beaminess,Кольцо излучения,full_page,super-munchkin
ring-of-nine-facets,Ring of Nine Facets,Девятигранное кольцо,set_listing_only,munchkin-pathfinder
ring-of-respiration,Ring of Respiration /,,full_page,fairy-dust|munchkin-fairy-dust
ring-of-tarim,Ring of Tarim /,,full_page,munchkin-conan
riot-grrl,Riot Grrl,Революционерррка,full_page,super-munchkin
rip-snortal-portal,Rip-Snortal Portal /,,full_page,terrible-tombs
rip-snortin,Rip-Snortin' /,,full_page,the-good-the-bad-and-the-munchkin
riverboat-gambler,Riverboat Gambler /,,full_page,the-good-the-bad-and-the-munchkin
rob-zombie,Rob Zombie,Зомб-стоп,full_page,armed-and-dangerous
robot,Robot /,,full_page,axe-cop|munchkin-axe-cop
robot-double,Robot Double,Робот-двойник,full_page,super-munchkin
robot-queen-victoria,Robot Queen Victoria,Робокоролева Виктория,full_page,munchkin-steampunk
robot-rangatang,Robot-Rangatang /,,full_page,axe-cop|munchkin-axe-cop
robot-steamroller,Robot Steamroller,Робот-каток,full_page,super-munchkin
roc-star,Roc Star,Вьюрок-звезда,full_page,half-horse-will-travel
rock,Rock,Камень,full_page,the-clown-wars
rock-of-repentance,Rock of Repentance,Камень раскаяния,full_page,super-munchkin
rocket-boots,Rocket Boots,Реактивные Тапки,full_page,star-munchkin
rocket-boots-0,Rocket Boots /,,full_page,axe-cop|munchkin-axe-cop
rocks-fall-everyone-dies,"Rocks Fall, Everyone Dies /",,full_page,munchkin-reloaded
rod-of-asclepius,Rod of Asclepius,Жезл Асклепия,full_page,munchkin-legends
rod-of-lardly-meat,Rod of Lardly Meat,Вертел овечного шашлычия,full_page,de-ranged
rodents-of-unusual-size,Rodents of Unusual Size,Грызуны необычных размеров,full_page,apocalypse|munchkin-apocalypse
rodomontade,Rodomontade,Напыщение,full_page,munchkin-bites|pants-macabre
roentgen-razor,Roentgen Razor,Бритва Рёнтгена,full_page,munchkin-steampunk
rogue,Rogue,Вор,full_page,star-munchkin
rogue-office-supplies,Rogue Office Supplies,Безумные офисные принадлежности,full_page,apocalypse|munchkin-apocalypse
rogue-time-traveler,Rogue Time Traveler,Шальной путешественник во времени,full_page,sheep-impact
rokurokubi,Rokurokubi,Рокурокуби,full_page,munchkin-fu
roller-broom-fighting-team,Roller Broom Fighting Team,Сборная по роликовому хоккею с метлой,full_page,sheep-impact
roller-skate,Roller Skate,Подкат на скейте,full_page,munchkin-zombies
roller-sneakers,Roller Sneakers,Кроссовки с колёсиками,full_page,sheep-impact
rolling-pin,Rolling Pin /,,full_page,call-of-cowthulhu
roman-candle,Roman Candle /,,full_page,the-unspeakable-vault
rootin-tootin,Rootin' Tootin' /,,full_page,the-good-the-bad-and-the-munchkin
rope-attached-way-up-high,Rope Attached Way Up High,Верёвка с высоты,full_page,the-narrow-s-cape
rotten-eggs,Rotten Eggs /,,full_page,munchkin-easter-eggs
rotting,Rotting,Гниющий,full_page,armed-and-dangerous|munchkin-zombies
royal-aquilonian-armor,Royal Aquilonian Armor /,,full_page,munchkin-conan
royal-oil,Royal Oil,Царска смазка,full_page,clerical-errors
ruggoth,Ruggoth,Пледогот,full_page,munchkin-cthulhu
rugose,Rugose,Ругозный,full_page,munchkin-cthulhu
ruler-of-small-european-country,Ruler of Small European Country,Правитель европейской страны-карлика,full_page,super-munchkin
rules-are-for-losers,Rules Are For Losers! /,,full_page,munchkin-the-guild
rum-bum-chugger,Rum Bum Chugger,Запойный романтик,full_page,munchkin-booty
rum-soaked,Rum-Soaked,Обромлённый,full_page,munchkin-booty
runaway-velocipede,Runaway Velocipede,Беглый велосипед,full_page,munchkin-steampunk
rune-giant,Rune Giant,Рунный великан,set_listing_only,munchkin-pathfinder
russian,Russian /,,full_page,munchkin-impossible
russian-roulette,Russian Roulette /,,full_page,munchkin-impossible
saber-toothed,Saber-Toothed,Саблезубый,full_page,the-need-for-steed
saboteur,Saboteur,Диверсант,full_page,munchkin-steampunk
saddle-bags,Saddle Bags /,,full_page,the-good-the-bad-and-the-munchkin
saddle-horn,Saddle Horn,Клаксон,full_page,half-horse-will-travel
safe-house,Safe House /,,full_page,munchkin-impossible
safety-dance,Safety Dance,Безопасный танец,full_page,apocalypse|munchkin-apocalypse
safety-vest,Safety Vest,Защитный жилет,full_page,apocalypse|munchkin-apocalypse
sai-of-spleen-mangling,Sai of Spleen-Mangling,Сай Протыкания Селезёки,full_page,munchkin-fu
sailor-goon,Sailor Goon,Долдон в матроске,full_page,the-clown-wars
salaad,Salaad,Салаад,full_page,de-ranged
salamander,Salamander,Саламандра,full_page,half-horse-will-travel
salefish,Salefish /,,full_page,jump-the-shark
saloon-furniture,Saloon Furniture /,,full_page,the-good-the-bad-and-the-munchkin
salt-spray,Salt Spray,Солевой спрей,full_page,apocalypse|munchkin-apocalypse
salty,Salty /,,full_page,jump-the-shark
salvage,Salvage /,,full_page,space-ships
samurai,Samurai,Самурай,full_page,monky-business|munchkin-fu
samurai-helmet,Samurai Helmet,Шлем Самурая,full_page,munchkin-fu
samurai-sword,Samurai Sword,Катана,full_page,armed-and-dangerous
sand-dollars,Sand Dollars /,,full_page,jump-the-shark
sand-warriors,Sand Warriors /,,full_page,conan-the-barbarian
sandals-of-agility,Sandals of Agility,Сандалии Подвижности,full_page,munchkin-fu
sandals-of-protection,Sandals of Protection,Сандалеты-Протекторы,full_page,munchkin
sandals-of-quick-reaction,Sandals of Quick Reaction,Сандалии быстрого реагирования,set_listing_only,munchkin-pathfinder
sandpoint-devil,Sandpoint Devil,Сэндпойнтский дьявол,full_page,munchkin-pathfinder
sandwich-board,Sandwich Board,Рекламный жилет,full_page,armed-and-dangerous
sandy-claws,Sandy Claws /,,full_page,waiting-for-santa
sanity-clause,Sanity Clause /,,full_page,santas-revenge
santa,Santa,Санта,full_page,unnatural-axe
santa-boots,Santa Boots /,,full_page,munchkin-naughty-nice|naughty-nice
santa-claus,Santa Claus /,,full_page,waiting-for-santa
santa-hat,Santa Hat /,,full_page,waiting-for-santa
santas-little-helpers,Santa's Little Helpers /,,full_page,waiting-for-santa
sardine,Sardine,Сардина,full_page,munchkin-booty
sargasso-sea,Sargasso Sea!,Саргассово море!,full_page,munchkin-booty
satha-of-koth,Satha of Koth /,,full_page,munchkin-conan
saturday-night-boots,Saturday Night Boots /,,full_page,the-good-the-bad-and-the-munchkin
saucepan,Saucepan,Кастрюля,full_page,munchkin-zombies
savage,Savage /,,full_page,monster-enhancers
sawfish,Sawfish,Рыба-пила,full_page,munchkin-booty
scaly-armor,Scaly Armor,Чешуйчатые доспехи,full_page,half-horse-will-travel
scapegoat,Scapegoat,Козёл отпущения,full_page,apocalypse|munchkin-apocalypse
scarabs,Scarabs,Скарабеи,full_page,munchkin-legends
scared-stiff,Scared Stiff,Перепуганный Мертвецки,full_page,sheep-impact
scarf,Scarf /,,full_page,munchkin-naughty-nice|naughty-nice
scarlet-leprosy,Scarlet Leprosy,Потеряй несколько карт!,set_listing_only,munchkin-pathfinder
scary-clowns,Scary Clowns,Жуткие клоуны,full_page,unnatural-axe
scary-electric-lasso,Scary Electric Lasso,Жуткое электролассо,full_page,the-narrow-s-cape
scary-false-teeth,Scary False Teeth,Жуткая вставная челюсть,full_page,unnatural-axe
scary-helmet,Scary Helmet,Страшный шлем,full_page,de-ranged
scepter-of-ages,Scepter of Ages,Скипетр веков,set_listing_only,munchkin-pathfinder
schadenfreudian-slip,Schadenfreudian Slip,Комбинация злофрейдства,full_page,munchkin-bites
schoold,School'd! /,,full_page,munchkin-the-guild
schoolmarm,Schoolmarm /,,full_page,the-good-the-bad-and-the-munchkin
schrödinger’s-catbox,Schrödinger’s Catbox,Лоток Шрёдингера,full_page,munchkin-kittens
scientific-monolog,Scientific Monolog,Научный монолог,full_page,the-narrow-s-cape
scientist,Scientist,Учёный,full_page,apocalypse|munchkin-apocalypse|sheep-impact
scooter,Scooter,Скутер,full_page,sheep-impact
scorpion-in-boot,Scorpion in Boot /,,full_page,the-good-the-bad-and-the-munchkin
scorpion-kung-fu,Scorpion Kung Fu,Кунг-Фу Скорпиона,full_page,munchkin-fu
scripted-escape,Scripted Escape /,,full_page,munchkin-impossible
scroll-of-debuffination,Scroll Of Debuffination,Свиток Раскрутки,full_page,cheat-with-both-hands
scroll-of-depression,Scroll of Depression,Свиток сокрушения,full_page,munchkin-bites
scroll-of-secret-teachings,Scroll of Secret Teachings,,set_listing_only,monky-business
scrooge,Scrooge /,,full_page,reindeer-games
scuppered,Scuppered!,Потопили!,full_page,munchkin-booty
scurvy-dog,Scurvy Dog,Презренный пёс,full_page,munchkin-booty
scythe,Scythe /,,full_page,call-of-cowthulhu
sea-biscuit,Sea Biscuit,Сухарь военно-морской,full_page,munchkin-booty
sea-cow,Sea Cow,Морская корова,full_page,munchkin-booty
sea-ghost,Sea Ghost /,,full_page,axe-cop|munchkin-axe-cop
sea-lawyer,Sea Lawyer,Морской адвокат,full_page,munchkin-booty
sea-legs,Sea Legs /,,full_page,jump-the-shark
sea-serpent,Sea Serpent /,,full_page,jump-the-shark
search-the-depths-for-knowledge,Search the Depths For Knowledge /,,full_page,the-unspeakable-vault
seasick,Seasick! /,,full_page,jump-the-shark
seaweed,Seaweed,Водорослик,full_page,munchkin-booty
second-chance-sparkles,Second Chance Sparkles /,,full_page,fairy-dust|munchkin-fairy-dust
secret-cave-hq,Secret Cave HQ,Штаб-пещера,full_page,super-munchkin
secret-decoder-wishing-ring,Secret Decoder Wishing Ring /,,full_page,munchkin-impossible
secret-door,Secret Door,Потайная дверь,full_page,demented-dungeon|demented-dungeons
secret-handshake,Secret Handshake /,,full_page,call-of-cowthulhu
secret-recipe-chili,Secret Recipe Chili /,,full_page,the-good-the-bad-and-the-munchkin
secret-underground-base,Secret Underground Base /,,full_page,munchkin-impossible
secrets-of-the-ancients,Secrets of the Ancients,Разгадай тайны древних,set_listing_only,munchkin-steampunk
seduce-enemy-agent,Seduce Enemy Agent /,,full_page,munchkin-impossible
seduce-villains-mistress,Seduce Villain's Mistress /,,full_page,munchkin-impossible
seductive,Seductive /,,full_page,monster-enhancers
self-cleaning,Self-Cleaning,Самочистящийся,full_page,cheat-with-both-hands
self-delivering-junk-mail,Self-Delivering Junk Mail,Самодоставочный спам,full_page,the-clown-wars
self-destruct,Self-Destruct /,,full_page,munchkin-impossible
self-repairing,Self-Repairing,Саморемонтирующийся,full_page,munchkin-steampunk
self-sacrifice,Self-Sacrifice,Самопожертвование,full_page,sheep-impact
sell-game-t-shirts,Sell Game T-Shirts /,,full_page,munchkin-the-guild
sell-your-levels-for-items,Sell Your Levels For Items,Продай уровни за шмотки!,full_page,munchkin-promo
sell-your-mother,Sell Your Mother,До Свидания Мама!,full_page,cheat-with-both-hands
semi,Semi,Полуфургон,full_page,sheep-impact
semi-final-strike,Semi-Final Strike,Недобивающий удар,full_page,clerical-errors
sense-of-impending-doom,Sense of Impending Doom,Чувство нависшей опасности,full_page,munchkin-bites
senseless-act-of-kindness,Senseless Act of Kindness,Бессмысленные жесты доброй воли,full_page,clerical-errors
senseless-act-of-kindnessi,Senseless Act of Kindnessi,Бессмысленные жесты доброй воли,full_page,clerical-errors
sent-by-thoth-amon,...Sent By Thoth-Amon /,,full_page,munchkin-conan
serpent-ring,Serpent Ring /,,full_page,munchkin-conan
serpent-treasure,Serpent Treasure! /,,full_page,munchkin-conan
serpents-tooth,Serpent's Tooth /,,full_page,conan-the-barbarian
servants-of-bit-yakin,Servants of Bit-Yakin /,,full_page,munchkin-conan
set-paris-to-london-speed-record,Set Paris-to-London Speed Record,Побей рекорд скорости на трассе Париж-Лондон,full_page,munchkin-steampunk
setup-for-the-sequel,Setup For The Sequel,Завязка сиквела,full_page,super-munchkin
seven-gun,Seven-Gun /,,full_page,the-good-the-bad-and-the-munchkin
seven-league-boots,Seven-League Boots,Сапоги-скороходы,full_page,munchkin-legends
seven-year-lich,Seven Year Lich,Семилетняя мэрилич,full_page,clerical-errors
sewer-gator,Sewer Gator,Каналлигатор,full_page,munchkin-legends
sewer-of-shoggoths,Sewer of Shoggoths /,,full_page,crazed-caverns
sewers-of-the-dead,Sewers of the Dead /,,full_page,hideous-hideouts
sex-change,Sex Change,Смена пола,full_page,the-narrow-s-cape
sex-change-potion,Sex Change Potion,Зелье смены пола,full_page,the-need-for-steed
sex-gaki,Sex Gaki,,set_listing_only,monky-business
sextant-broken,Sextant Broken!,ПОЛомка СЕКСтана!,full_page,munchkin-booty
shabaccus,Shabaccus /,,full_page,axe-cop|munchkin-axe-cop
shade,Shade,Тенёк,full_page,the-need-for-steed
shallow-ones,Shallow Ones,Поверхностные,full_page,munchkin-cthulhu
shape-changing,Shape-Changing,Меняющий форму,full_page,the-clown-wars
shard-gel,Shard Gel,Осколочный гель,set_listing_only,munchkin-pathfinder
shark-cage,Shark Cage /,,full_page,jump-the-shark
shark-raving-mad,Shark Raving Mad /,,full_page,fish-ships
shark-tank,Shark Tank /,,full_page,munchkin-impossible
shark-tank-0,Shark Tank,Танкула,full_page,sheep-impact
sharpened-stick,Sharpened Stick /,,full_page,axe-cop|munchkin-axe-cop
shattering-shriek,Shattering Shriek,Ушираздирающий вопль,full_page,super-munchkin
shave-your-head,Shave Your Head,Побрей Голову,full_page,munchkin-fu
sheep-impact,Sheep Impact,Катастрофа! Бараний рок,full_page,sheep-impact
sheep-ones,Sheep Ones /,,full_page,call-of-cowthulhu
sheeple,Sheeple,Архаровцы,full_page,apocalypse|munchkin-apocalypse
shell-shocked,Shell-Shocked,Контуженный,full_page,apocalypse|munchkin-apocalypse
shemite-mercenary,Shemite Mercenary /,,full_page,munchkin-conan
sheriffs-badge,Sheriff's Badge /,,full_page,the-good-the-bad-and-the-munchkin
shield-of-aroden,Shield of Aroden,Щит Ародена,set_listing_only,munchkin-pathfinder
shield-of-ubiquity,Shield of Ubiquity,Совсехсторонний щит,full_page,munchkin
shield-wolf,Shield Wolf /,,full_page,axe-cop|munchkin-axe-cop
shining-porcelain-armor,Shining Porcelain Armor,Сантех-доспех,full_page,munchkin-zombies
shiny,Shiny,Сверкающий,full_page,the-need-for-steed
shiny-dise-spinning-spinning,Shiny Dise . . . Spinning . . . Spinning . . .,"Смотри на кубики… смотри… делай, что велено…",full_page,clerical-errors
ship-in-a-bottle,Ship in a Bottle /,,full_page,jump-the-shark
ship-of-the-line,Ship of the Line,Линкор,full_page,munchkin-booty
ships-log,Ship's Log,Судовое дерево,full_page,munchkin-booty
shipshape,Shipshape,Порядок на судне,full_page,munchkin-booty
shipworms,Shipworms!,Древоточцы!,full_page,munchkin-booty
shiva-the-destroyer,Shiva the Destroyer,Шива-Разрушитель,full_page,munchkin-legends
shiver-me-timbers,Shiver Me Timbers! /,,full_page,jump-the-shark
shmaser,Shmaser,Шмазер,full_page,star-munchkin
shoddy-equipment,Shoddy Equipment /,,full_page,munchkin-impossible
shoe-blades,Shoe Blades /,,full_page,munchkin-impossible
shoe-bombs,Shoe Bombs /,,full_page,munchkin-impossible
shoe-boxes,Shoe Boxes /,,full_page,santas-revenge
shoe-phone,Shoe Phone /,,full_page,munchkin-impossible
shoes-of-only-having-to-run-faster-than-you,Shoes Of Only Having To Run Faster Than YOU,Ботинки убегания предпоследним,full_page,munchkin-cthulhu
shoes-with-their-own-zip-code,Shoes With Their Own Zip Code /,,full_page,pants-macabre
shog-goth,Shog Goth,Шок-гот,full_page,munchkin-cthulhu
shoggies,Shoggies /,,full_page,the-unspeakable-vault
shoggoats,Shoggoats /,,full_page,call-of-cowthulhu
shoggoth,Shoggoth,Шоггот,full_page,munchkin-cthulhu
shogulator,Shogulator,Шогулятор,full_page,munchkin-cthulhu
shoot-the-messenger,Shoot the Messenger,Пристрели гонца,full_page,munchkin-pathfinder
shoot-the-piano-player,Shoot The Piano Player /,,full_page,the-good-the-bad-and-the-munchkin
shootin-iron,Shootin' Iron /,,full_page,beating-a-dead-horse
shooty-hat,Shooty Hat /,,full_page,munchkin-impossible
shop-at-the-thrift-store,Shop at the Thrift Store,Затарься на барахолке,full_page,munchkin-hipsters
shop-goblin,Shop Goblin,Шопгоблин,set_listing_only,munchkin-pathfinder
shop-teacher,Shop Teacher,Трудовик,full_page,armed-and-dangerous
shopping-cart,Shopping Cart,Закупистая тележка,full_page,munchkin-zombies
shore-leave,Shore Leave,"Всё пропить, но флот не опозорить!",full_page,munchkin-booty
short-portal,Short Portal /,,full_page,terrible-tombs
short-sword,Short Sword,Короткий меч,full_page,de-ranged
short-wide-armor,Short Wide Armor,Коротыширокие латы,full_page,munchkin
shot-of-espresso,Shot of Espresso,Глоток Эспрессо,full_page,munchkin-fu
shot-your-mouth,Shot Your Mouth /,,full_page,beating-a-dead-horse
shotgun,Shotgun /,,full_page,the-good-the-bad-and-the-munchkin
shoulder-angel,Shoulder Angel /,,full_page,pants-macabre
shoulder-devil,Shoulder Devil /,,full_page,pants-macabre
shoulder-pads,Shoulder Pads,Подплечники,full_page,sheep-impact
shouldn’t-have-looked,Shouldn’t Have Looked /,,full_page,munchkin-penny-arcade|penny-arcade
show-up-early-for-the-game,Show Up Early for the Game,Приди на игру пораньше,full_page,half-horse-will-travel
shredskin,Shredskin,Дракожа,set_listing_only,munchkin-pathfinder
shrieking-geek,Shrieking Geek,Гикающий гик,full_page,munchkin
shrinking-powder,Shrinking Powder,Пудра съёживания,full_page,the-need-for-steed
shrub-niggurath,Shrub-Niggurath,Шуб-ниггурастение,full_page,munchkin-cthulhu
shub-piggurath,Shub-Piggurath /,,full_page,call-of-cowthulhu
shubby,Shubby /,,full_page,the-unspeakable-vault
shuri-cogs,Shuri-Cogs,Звёздочки,full_page,munchkin-steampunk
sicker-ichor,Sicker Ichor,Рвотный гной,full_page,munchkin-cthulhu
sidekick-imaginary-friend,Sidekick: Imaginary Friend,Воображаемый друг,full_page,super-munchkin
sidekick-kid-with-same-powers-you-have,Sidekick: Kid With Same Powers You Have,"Пацан с той же Cилой, что и ты",full_page,super-munchkin
sidekick-plucky-girl-reporter,Sidekick: Plucky Girl Reporter,Отчаянная журналистка,full_page,super-munchkin
sidewinder,Sidewinder /,,full_page,the-good-the-bad-and-the-munchkin
siege-engine,Siege Engine,Осадная машина,full_page,unnatural-axe
silenced,Silenced /,,full_page,munchkin-impossible
silk-armor,Silk Armor,Шёлковая Броня,full_page,munchkin-fu
silken-slippers,Silken Slippers /,,full_page,munchkin-conan
silver-long-johns,Silver Long Johns,Серебряное долговязанное исподнее,full_page,munchkin-booty
singing-dancing-sword,Singing & Dancing Sword,Меч песни и пляски,full_page,munchkin
sinistine-bow-of-the-black-maiden,"Sinistine, Bow of the Black Maiden /",,full_page,munchkin-penny-arcade|penny-arcade
sinspawn,Sinspawn,Исчадие греха,full_page,munchkin-pathfinder
sir-acha,Sir Acha,Жгучий Сэр,full_page,munchkin-knights
sir-francis-drake,Sir Francis Drake,Сэр Фрэнсис Дрейк,full_page,munchkin-booty
sir-henry-gorgon,Sir Henry Gorgon /,,full_page,jump-the-shark
sir-mordred,Sir Mordred,Сэр Мордред,full_page,munchkin-legends
sir-veillance,Sir Veillance /,,full_page,munchkin-impossible
sirens,Sirens,Сирены,full_page,munchkin-legends
sister-blister,Sister Blister,Сестрица Волдырица,full_page,the-narrow-s-cape
six-gun,Six-Gun /,,full_page,the-good-the-bad-and-the-munchkin
sk8r,Sk8r,Скейтер,full_page,armed-and-dangerous
skeletal-horde,Skeletal Horde /,,full_page,munchkin-conan
skeleton-crew,Skeleton Crew,Костяк экипажа,full_page,munchkin-booty
skeleton-key,Skeleton Key,,set_listing_only,munchkin-undead
skills-gaki,Skills Gaki,Гаки Умений,full_page,munchkin-fu
skinny-denim-jeans,Skinny Denim Jeans,Нереально зауженные джинсы,full_page,munchkin-hipsters
skip-a-car-payment,Skip a Car Payment,Пропусти платёж по кредиту,full_page,sheep-impact
skull-helmet,Skull Helmet,Шлем-Череп,full_page,unnatural-axe
skull-kick,Skull Kick! /,,full_page,munchkin-skullkickers|skullkickers
slacker,Slacker,Лодырь,full_page,munchkin-zombies
slackerman,Slackerman,Человек-лодырь,full_page,super-munchkin
slaughterbot,Slaughterbot,Уничтожобот,full_page,star-munchkin
slay-a-minion,Slay a Minion,Забей миньона,full_page,munchkin-bites|pants-macabre
slay-bells,Slay Bells,Убенцы,full_page,clerical-errors
slay-the-dragon,Slay the Dragon,Срази дракона,full_page,munchkin-pathfinder
sledgehammer-of-smackdown,Sledgehammer of Smackdown,Кувалда прихлопа,full_page,de-ranged
sleek-black-automatic,Sleek Black Automatic /,,full_page,munchkin-impossible
sleep-gas,Sleep Gas /,,full_page,munchkin-impossible
sleep-potion,Sleep Potion,Снотворное зелье,full_page,munchkin
sleeper-agent,Sleeper Agent /,,full_page,munchkin-impossible
sleeping,Sleeping,Спящий,full_page,unnatural-axe
slender-man,Slender Man,Тонкий человек,full_page,munchkin-legends
slide-rule,Slide Rule,Логарифмическая линейка,full_page,the-narrow-s-cape
slime-proof-poncho,Slime-Proof Poncho,Гноестойкая накидка,full_page,munchkin-cthulhu
slimy-armor,Slimy Armor,Слизистая оболочка,full_page,munchkin
slob-goblin,Slob Goblin,Разгоблиндяй,set_listing_only,munchkin-pathfinder
slobbering-alien-horde,Slobbering Alien Horde,Слюнявая инопланетная орда,full_page,super-munchkin
slug-thrower,Slug Thrower,Слизнемёт,full_page,unnatural-axe
sluggoth,Sluggoth,Слизгот,full_page,munchkin-cthulhu
small-giant-rat,Small Giant Rat,Гигантский крысёныш,full_page,munchkin-bites
small-well-aimed-asteroid,"Small, Well-Aimed Asteroid",Мелкий,full_page,apocalypse|munchkin-apocalypse
smart,Smart /,,full_page,the-good-the-bad-and-the-munchkin
smart-0,Smart,Умный,full_page,armed-and-dangerous|munchkin-zombies
smart-bomb,Smart Bomb,Умная бомба,full_page,the-clown-wars
smart-pills,Smart Pills,Умные пилюли,full_page,the-need-for-steed
smart-shoes,Smart Shoes,"""Салумандры""",full_page,munchkin-zombies
smiley-face,Smiley Face,Смайлик,full_page,cheat-with-both-hands
smog,Smog /,,full_page,munchkin-dragons
smoke-grenade,Smoke Grenade,Дымовуха,full_page,apocalypse|munchkin-apocalypse
smoke-signal,Smoke Signal /,,full_page,the-good-the-bad-and-the-munchkin
smokescreen-shoes,Smokescreen Shoes /,,full_page,munchkin-impossible
sna-fu,Sna Fu,,set_listing_only,monky-business
snail-mail,Snail Mail,Броня улитучилась,full_page,half-horse-will-travel
snails-on-speed,Snails on Speed,Улётные улитки,full_page,munchkin
snake-neck,Snake Neck,Змеиная шея,full_page,armed-and-dangerous
snake-pit,Snake Pit /,,full_page,munchkin-impossible
snakes-on-a-bus,Snakes on a Bus,Змеёбус,full_page,half-horse-will-travel
snapping-turtle,Snapping Turtle /,,full_page,beating-a-dead-horse
snark,Snark,Снарк,full_page,munchkin-booty
sneak-peak,Sneak Peak /,,full_page,terrible-tombs
sneaky,Sneaky,Скрытный,full_page,cheat-with-both-hands
sneaky-bastard-sword,Sneaky Bastard Sword,Полуторный меч пронырливого мерзавца,full_page,munchkin
sneaky-sneak,Sneaky-Sneak /,,full_page,munchkin-skullkickers|skullkickers
sneezing-powder,Sneezing Powder,Чахоточный порошок,set_listing_only,munchkin-pathfinder
sniper-rifle,Sniper Rifle /,,full_page,munchkin-impossible
snot-elemental,Snot Elemental,Соплементаль,full_page,unnatural-axe
snow-angels,Snow Angels /,,full_page,munchkin-naughty-nice|naughty-nice
snow-globe,Snow Globe,Снежный шар,full_page,munchkin-legends
snow-shoes,Snow Shoes /,,full_page,reindeer-games
snowball,Snowball /,,full_page,santas-revenge
soccer-mom,Soccer Mom,Автомашина,full_page,munchkin-zombies
sock-full-of-bees,Sock Full of Bees,Осиный носок,full_page,half-horse-will-travel
sock-holliday,Sock Holliday /,,full_page,the-good-the-bad-and-the-munchkin
sock-puppet,Sock Puppet,Жутконосок,full_page,cheat-with-both-hands
sockarang,Sockarang /,,full_page,axe-cop|munchkin-axe-cop
soda-cans,Soda Cans,Пивные банки,full_page,munchkin-zombies
software-bug,Software Bug,Жучок,full_page,sheep-impact
software-glitch,Software Glitch /,,full_page,star-munchkin
soh-soo-mee,Soh Soo Mee,Нуи Чо Тут,full_page,munchkin-fu
soiled,Soiled!,Заляпался!,full_page,munchkin-steampunk
solar-eclipse,Solar Eclipse,Солнечное затмение,full_page,munchkin-cthulhu
solar-flare,Solar Flare,Вспышка на Солнце,full_page,star-munchkin
solar-powered-radio-with-flashlight-and-duck-call,Solar-Powered Radio With Flashlight and Duck Call,Радио на солнечной батарее с фонариком и утиным манком,full_page,apocalypse|munchkin-apocalypse
sold-out,Sold Out,Продался,full_page,munchkin-hipsters
soldier,Soldier /,,full_page,axe-cop|munchkin-axe-cop
sole-survivor,Sole Survivor,Единственный выживший,full_page,munchkin-cthulhu
sole-survivor-0,Sole Survivor /,,full_page,munchkin-conan
solestealer,Solestealer,Похититель подошв,full_page,munchkin-cthulhu
solve-the-labyrinth,Solve the Labyrinth,Пройди лабиринт,full_page,munchkin-legends
sombrero,Sombrero /,,full_page,beating-a-dead-horse
some-dead-guy-high,Some Dead Guy High /,,full_page,hideous-hideouts
son-of-…,Son Of …,Я его сын!,full_page,the-narrow-s-cape
song-of-madness,Song of Madness,Песнь безумия,full_page,munchkin-cthulhu
song-of-madness-part-2,"Song of Madness, Part 2 /",,full_page,call-of-cowthulhu
song-of-madness-part-3,"Song of Madness, Part 3 /",,full_page,the-unspeakable-vault
sonic-plasma-barf-grenade,Sonic Plasma Barf Grenade,Звуко-плазмо-тошнотная Граната,full_page,star-munchkin
soooo-cooooool,Soooo Cooooool! /,,full_page,the-unspeakable-vault
sooper-glue,Sooper Glue,Суперклей,full_page,munchkin-zombies
soul-train,Soul Train /,,full_page,munchkin-undead
souvenir-collectors,Souvenir Collectors!,Собиратели сувениров!,full_page,the-narrow-s-cape
space-amazon,Space Amazon,Космическая Амазонка,full_page,star-munchkin
space-cowboy,Space Cowboy,Космический Ковбой,full_page,star-munchkin
space-goats,Space Goats,Космические Козлы,full_page,star-munchkin
space-mummy,Space Mummy,Космомумия,full_page,the-clown-wars
space-opera-singer,Space Opera Singer,Дива космооперы,full_page,the-clown-wars
space-probe,Space Probe,Зонд пришельцев,full_page,star-munchkin
space-ranger,Space Ranger,Звездоходец,full_page,the-clown-wars
space-ship,Space Ship /,,full_page,fish-ships
space-station-of-the-dead,Space Station of the Dead /,,full_page,hideous-hideouts
space-vampire,Space Vampire,Космический Вампир,full_page,star-munchkin
spambot,Spambot,Спамбот,full_page,sheep-impact
spandex-chainmail,Spandex Chainmail,Трикотажная кольчуга,full_page,de-ranged
spanish,Spanish,Испанец,full_page,jump-the-shark|munchkin-booty
spanish-helmet,Spanish Helmet,Сияющий испански шлем,full_page,munchkin-booty
sparkler,Sparkler /,,full_page,fairy-dust|munchkin-fairy-dust
sparkly-good-fairy,Sparkly Good Fairy! /,,full_page,fairy-dust|munchkin-fairy-dust
sparkly-vampire,Sparkly Vampire,,set_listing_only,munchkin-tricky-treats
spats,Spats /,,full_page,beating-a-dead-horse
spear-and-magic-helmet,Spear and Magic Helmet,Копьё и волшебный шлем,full_page,half-horse-will-travel
speed-steed,Speed Steed,Скоростель,full_page,half-horse-will-travel
spell-of-slurping,Spell of Slurping /,,full_page,munchkinomicon
spider-steed,Spider Steed,Паук-рысак,full_page,de-ranged
spiffy-italian-loafers,Spiffy Italian Loafers,Щегольские туфли,full_page,munchkin-bites
spike-heeled,Spike-Heeled,На Шпильках,full_page,cheat-with-both-hands
spike-the-egg-nog,Spike the Egg Nog /,,full_page,munchkin-naughty-nice|naughty-nice
spiked-codpiece,Spiked Codpiece,Шипованный гульфик,full_page,unnatural-axe
spiked-collar,Spiked Collar /,,full_page,pants-macabre
spiky-elbows,Spiky Elbows,Шипастые налокотники,full_page,munchkin-legends
spiky-knees,Spiky Knees,Острые коленки,full_page,munchkin
spiky-top,Spiky Top,Островершия,full_page,de-ranged
spilled-drink,Spilled Drink /,,full_page,munchkin-impossible
spin-doctor,Spin Doctor,Мозгоправ,full_page,sheep-impact
spinning-back-kick,Spinning Back Kick,С разворота в дыню!,full_page,munchkin-fu
spirit-animated,Spirit-Animated,Живого Духа,full_page,munchkin-fu
spirit-mirror,Spirit Mirror,Зеркало Души,full_page,munchkin-fu
splatbook,Splatbook,Всхлюпедия,full_page,munchkin-bites
splice-the-forecastle,Splice the Forecastle,На баке построиться!,full_page,munchkin-booty
spook-spook,Spook Spook /,,full_page,munchkin-impossible
sport-portal,Sport Portal /,,full_page,terrible-tombs
spraaiiiiinnnnnns,Spraaiiiiinnnnnns!,Бедааааа!,full_page,munchkin-zombies
sprayed-on-costume,Sprayed-On Costume,Напыляемый костюм,full_page,super-munchkin
sprayser,Sprayser,Распылазер,full_page,the-clown-wars
spring-heels,Spring Heels,Пружинные каблуки,full_page,munchkin-steampunk
spring-mounted,Spring-Mounted,Пружинный,full_page,cheat-with-both-hands
spring-snapped,Spring Snapped!,Сорвалась пружинка,full_page,munchkin-steampunk
spud-gun,Spud Gun /,,full_page,call-of-cowthulhu
spudded-leather-armor,Spudded Leather Armor,Картофелаты,full_page,the-need-for-steed
spunky,Spunky,Отважный,full_page,armed-and-dangerous
spurs,Spurs /,,full_page,the-good-the-bad-and-the-munchkin
spy-fly,Spy Fly /,,full_page,munchkin-impossible
spyglass,Spyglass /,,full_page,jump-the-shark
spyke-leads-the-charge,Spyke Leads the Charge,Потому что мы банда!,full_page,munchkin-promo
squamous,Squamous,Сквамозный,full_page,munchkin-cthulhu
squashed-by-a-bad-dwarfs-bottom,Squashed By A Bad Dwarf's Bottom /,,full_page,munchkin-skullkickers|skullkickers
squidgilator,Squidgilator,Размягчитель,full_page,star-munchkin
squidskin-boots,Squidskin Boots /,,full_page,call-of-cowthulhu
squidzilla,Squidzilla,Кальмадзилла,full_page,munchkin
st-elmos-fire,St. Elmo's Fire /,,full_page,jump-the-shark
st-peters-cathedral,St. Peter's Cathedral /,,full_page,munchkin-impossible
stab-a-matic,Stab-A-Matic,Авторезарь,full_page,clerical-errors
stacked-deck,Stacked Deck,Краплёная колода,full_page,munchkin-promo
staff-of-mitra,Staff of Mitra /,,full_page,munchkin-conan
staff-of-napalm,Staff of Napalm,Посох напалма,full_page,munchkin
staff-of-shadows,Staff of Shadows,Посох теней,set_listing_only,munchkin-pathfinder
staff-of-the-slain,Staff of the Slain,Посох убиенн ых,set_listing_only,munchkin-pathfinder
stake-a-matic,Stake-A-Matic,Коломёт,full_page,munchkin-bites
stampede,Stampede /,,full_page,the-good-the-bad-and-the-munchkin
standie,Standie,Дурилка Картонная,full_page,cheat-with-both-hands
standing-stones,Standing Stones,Круг камней,full_page,munchkin-legends
star-of-khorala,Star of Khorala /,,full_page,munchkin-conan
starfish,Starfish,Звездная рыба,full_page,star-munchkin
starfurry,Starfurry /,,full_page,space-ships
starscone,Starscone,Звёздный пряник,set_listing_only,munchkin-pathfinder
starving-wolves,Starving Wolves /,,full_page,munchkin-conan
stasis-field,Stasis Field,Статическое Поле,full_page,star-munchkin
stay-on-target,Stay on Target,Пристреляйся по цели,set_listing_only,munchkin-pathfinder
steal-a-hireling,Steal a Hireling,Уведи наёмничка,full_page,the-need-for-steed
steal-a-level,Steal a Level,Укради уровень,full_page,munchkin
steal-fire-from-the-gods,Steal Fire From the Gods,Укради огонь у богов,full_page,munchkin-legends
steal-tasty-brains,Steal Tasty Brains!,Утечка мозгов!,full_page,munchkin-zombies
steal-the-credit,Steal The Credit,Укради почести,full_page,clerical-errors
stealing-your-thunder,Stealing Your Thunder,Покража молний,full_page,munchkin-legends
stealthy,Stealthy,Скрытный,full_page,the-need-for-steed
stealthy-0,Stealthy,Скрытный,full_page,armed-and-dangerous|munchkin-zombies
steam-beam,Steam Beam,Паровой излучатель,full_page,munchkin-steampunk
steam-elemental,Steam Elemental,Пароменталь,full_page,munchkin-steampunk
steam-iron,Steam Iron,Паровой утюг,full_page,munchkin-steampunk
steam-powered,Steam-Powered /,,full_page,the-good-the-bad-and-the-munchkin
steamhunk,Steamhunk,Паровой качок,full_page,munchkin-steampunk
steamjunk,Steamjunk,Стимхлам,full_page,munchkin-steampunk
steel-beanie,Steel Beanie,Стальной кепарик,full_page,apocalypse|munchkin-apocalypse
steel-toed,Steel-Toed,С Кованными Мысами,full_page,cheat-with-both-hands
step-and-a-half,Step-And-A-Half,Жесть как она есть,full_page,munchkin-promo
stepladder,Stepladder,Стремянка,full_page,munchkin
stepped-in-super-fast-drying-boot-glue,Stepped In Super-Fast-Drying Boot Glue /,,full_page,axe-cop|munchkin-axe-cop
stick-figure,Stick Figure,Палковник,full_page,clerical-errors
stick-that-clouds-mens-minds,Stick That Clouds Men's Minds,"Посох, Туманящий Разум",full_page,munchkin-fu
stick-to-human-boots,Stick to Human Boots /,,full_page,axe-cop|munchkin-axe-cop
sticker-ichor,Sticker Ichor,Клеевой гной,full_page,munchkin-cthulhu
sticky-head,Sticky Head /,,full_page,the-unspeakable-vault
stiletto,Stiletto /,,full_page,munchkin-impossible
still-more-wimpy-thugs,Still More Wimpy Thugs,Возвращение подонков,full_page,super-munchkin
stilts,Stilts /,,full_page,jump-the-shark
stock-market-crash,Stock Market Crash,Катастрофа! Биржевой коллапс,full_page,apocalypse|munchkin-apocalypse
stolen-by-fairies,Stolen by Fairies,Унесённый феями,set_listing_only,munchkin-princesses
stolen-nuclear-weapon,Stolen Nuclear Weapon /,,full_page,munchkin-impossible
stomach-fu,Stomach Fu,,set_listing_only,monky-business
stoned-golem,Stoned Golem,Обдолбанный голем,full_page,munchkin
stop-sign,Stop Sign,"Знак ""Стоп""",full_page,munchkin-zombies
stovepipe-hat,Stovepipe Hat /,,full_page,the-good-the-bad-and-the-munchkin
straight-razor,Straight Razor /,,full_page,the-good-the-bad-and-the-munchkin
strangling-cord-of-eternal-friendship,Strangling Cord of Eternal Friendship,Задушечная Струна Вечной Дружбы,full_page,munchkin-fu
strategically-placed-ribbons,Strategically Placed Ribbons,Ленточки в нужных местах,full_page,the-clown-wars
straw-hat,Straw Hat /,,full_page,call-of-cowthulhu
street-beggar,Street Beggar,Попрошайка,full_page,munchkin-fu
street-catapults,Street Catapults /,,full_page,axe-cop|munchkin-axe-cop
street-cone,Street Cone /,,full_page,axe-cop|munchkin-axe-cop
street-gang,Street Gang,Уличная банда,full_page,sheep-impact
street-preacher,Street Preacher,Уличный проповедник,full_page,sheep-impact
stretchiness,Stretchiness,Растяжимость,full_page,super-munchkin
stripped-gear,Stripped Gear!,Порвалась бретелька,full_page,munchkin-steampunk
strix,Strix,Стрикс,set_listing_only,munchkin-pathfinder
strong,Strong,Мощный,full_page,armed-and-dangerous|munchkin-zombies
struck-a-reef,Struck a Reef! /,,full_page,jump-the-shark
stuck-in-the-chimney,Stuck in the Chimney /,,full_page,reindeer-games
stunt-double,Stunt Double,Двойной Удар,full_page,munchkin-fu
stupid-rhino-head,Stupid Rhino Head /,,full_page,axe-cop|munchkin-axe-cop
stupidity-field,Stupidity Field,Поле Глупости,full_page,star-munchkin
stygian,Stygian /,,full_page,munchkin-conan
stygian-girdle,Stygian Girdle /,,full_page,munchkin-conan
stygian-staff,Stygian Staff /,,full_page,munchkin-conan
stygian-talons,Stygian Talons /,,full_page,conan-the-barbarian
style-gaki,Style Gaki,Гаки Стиля,full_page,munchkin-fu
stylishly-dressed,Stylishly Dressed /,,full_page,pants-macabre
styx-stones,Styx Stones,Камни Стикса,full_page,munchkin-legends
subcrustal-petard,Subcrustal Petard,Подковёрная бомбардировка,full_page,munchkin-steampunk
submachine-gun,Submachine Gun /,,full_page,munchkin-impossible
submarine,Submarine /,,full_page,fish-ships
submarine-sandwich-gun,Submarine Sandwich Gun /,,full_page,munchkin-impossible
subterranean-shoe-store-of-shub-niggurath,Subterranean Shoe Store of Shub-Niggurath /,,full_page,crazed-caverns
subtitles,Subtitles,Субтитры,full_page,munchkin-fu
suction-sneakers,Suction Sneakers,Присоскеды,full_page,super-munchkin
sudden-head-blow,Sudden Head Blow,Резкий удар по голове,full_page,call-of-cowthulhu|munchkin-cthulhu|the-unspeakable-vault
sugar-plum-furry,Sugar Plum Furry /,,full_page,munchkin-naughty-nice|naughty-nice
sullen-in-laws,Sullen In-Laws,Суровые родичи,full_page,the-narrow-s-cape
summon-horde,Summon Horde /,,full_page,munchkinomicon
summon-the-book,Summon the Book /,,full_page,munchkinomicon
summoner,Summoner,Заклинатель,full_page,munchkin-pathfinder
sun-orchid-elixir,Sun Orchid Elixir,Эликсир солнечной орхидеи,full_page,munchkin-pathfinder
sun-picking-up-gloves,Sun Picking Up Gloves /,,full_page,axe-cop|munchkin-axe-cop
sun-tan,Sun Tan,,set_listing_only,monky-business
sunbeam,Sunbeam,Луч солнца,full_page,munchkin-bites
sundae-dress,Sundae Dress /,,full_page,munchkin-easter-eggs
sunday-bonnet,Sunday Bonnet /,,full_page,beating-a-dead-horse
super-certificate,Super Certificate,Суперкупон,full_page,the-narrow-s-cape
super-cheat,Super Cheat!,Супер-чит!,full_page,super-munchkin|the-narrow-s-cape
super-duper-munchkin,Super Duper Munchkin,Супер-Пупер Манчкин,full_page,cheat-with-both-hands
super-duper-pooper-scooper,Super Duper Pooper Scooper /,,full_page,call-of-cowthulhu
super-hoard,Super Hoard,"Ура, клад!",full_page,munchkin-promo
super-lion-pig,Super Lion Pig /,,full_page,axe-cop|munchkin-axe-cop
super-munchkin,Super Munchkin,Суперманчкин,full_page,apocalypse|axe-cop|beating-a-dead-horse|call-of-cowthulhu|cheat-with-both-hands|clerical-errors|de-ranged|diplomatic-impunity|half-horse-will-travel|its-a-dungeon-crawl|jump-the-shark|monky-business|moops-monster-mashup|munchkin|munchkin-adventure-time|munchkin-apocalypse|munchkin-axe-cop|munchkin-booty|munchkin-conan|munchkin-cthulhu|munchkin-fu|munchkin-impossible|munchkin-legends|munchkin-oz|munchkin-pathfinder|munchkin-steampunk|munchkin-the-nightmare-before-christmas|myth-prints|sheep-impact|star-munchkin|super-munchkin|the-clown-wars|the-good-the-bad-and-the-munchkin|the-narrow-s-cape|the-need-for-steed|the-unspeakable-vault|unnatural-axe
super-serum,Super-Serum,Супер-Сыворотка,full_page,star-munchkin
super-serum-0,Super Serum,Супер Сыворотка,full_page,super-munchkin
super-shield,Super Shield,Супер Щит,full_page,super-munchkin
super-sized,Super-Sized,Супер размер,full_page,the-narrow-s-cape
super-speed,Super-Speed,Супер-скорость,full_page,super-munchkin
super-spy,Super-Spy /,,full_page,munchkin-impossible
superior-doubletalk,Superior Doubletalk,Двойные стандарты,full_page,munchkin-steampunk
support-gm-with-bogus-science,Support GM With Bogus Science,Лженаучный треп в поддержку Мастера,full_page,star-munchkin
suppressor-field,Suppressor Field,Ловушка! Поле подавления,full_page,the-clown-wars
surly-oafs,Surly Oafs,Неотёсанные олухи,full_page,munchkin-steampunk
surprise-proof-armor,Surprise-Proof Armor /,,full_page,axe-cop|munchkin-axe-cop
surprised,Surprised! /,,full_page,axe-cop|munchkin-axe-cop
survival-manual,Survival Manual,Учебник по выживанию,full_page,sheep-impact
survival-nuts,Survival Nuts,Получи на орехи,full_page,sheep-impact
survival-school,Survival School,Школа выживания,full_page,apocalypse|munchkin-apocalypse
survival-tool,Survival Tool,Выживастер,full_page,apocalypse|munchkin-apocalypse
survivalist,Survivalist,Спец по выживанию,full_page,armed-and-dangerous
survive-ragnarok,Survive Ragnarok,Переживи Рагнарёк,full_page,munchkin-legends
sushi-knife-of-doom,Sushi Knife of Doom,Суши-нож Судьбы,full_page,munchkin-cthulhu
sushi-of-the-ancestors,Sushi of the Ancestors!,,set_listing_only,monky-business
suspended-animation,Suspended Animation,Подвешенное состояние,full_page,the-clown-wars
suspiciously-simple-portal,Suspiciously Simple Portal /,,full_page,terrible-tombs
sustainable-vlogging,Sustainable Vlogging,Веди свой блог с незапамятных времён,full_page,munchkin-hipsters
swallow-the-leader,Swallow the Leader,Иди за вождём,full_page,munchkin-zombies
swamp-demon,Swamp Demon /,,full_page,munchkin-conan
swill,Swill,Сивуха,full_page,munchkin-booty
swimming-helicopter,Swimming Helicopter /,,full_page,munchkin-impossible
swine-flu,Swine Flu,Катастрофа! Птичья свинка,full_page,sheep-impact
swing-from-the-rigging,Swing from the Rigging,"На абордаж, орлы!",full_page,munchkin-booty
swishy-swash-hat,Swishy Swash Hat,Сногсшибательная шляпа,full_page,munchkin-booty
swiss-army-glove,Swiss Army Glove,,set_listing_only,munchkin-tricky-treats
swiss-army-knife,Swiss Army Knife /,,full_page,munchkin-impossible
swiss-army-polearm,Swiss Army Polearm,Швейцарская армейская алебарда,full_page,munchkin
switch-character-sheets,Switch Character Sheets,Махнись персонажами,full_page,unnatural-axe
switcheroo,Switcheroo /,,full_page,monster-enhancers
swivel-gun,Swivel Gun,Станковый фальконет,full_page,munchkin-booty
sword-of-beheading-people-just-like-in-that-movie,Sword of Beheading People Just Like In That Movie,Меч обезглавливания людей прям как в том кино,full_page,munchkin-bites
sword-of-corin,Sword of Corin /,,full_page,conan-the-barbarian
sword-of-khalar-zym,Sword of Khalar Zym /,,full_page,conan-the-barbarian
sword-of-slaying-everything-except-squid,Sword of Slaying Everything Except Squid,"Меч Убиения Всего и Вся, кроме Кальмаров",full_page,unnatural-axe
sword-of-the-phoenix,Sword of the Phoenix /,,full_page,munchkin-conan
sylph-preservation,Sylph Preservation /,,full_page,fairy-dust|munchkin-fairy-dust
symbiotic-partner,Symbiotic Partner,Симбионт-Партнер,full_page,star-munchkin
t-bone-stake,T-Bone Stake,Тромбон с приколом,set_listing_only,munchkin-pathfinder
t-ceremony,T Ceremony,,set_listing_only,monky-business
tackyman,Tackyman,Безвкусмен,full_page,the-narrow-s-cape
tactical,Tactical,Тактическое,full_page,apocalypse|munchkin-apocalypse
tailgun,Tailgun,Хвоствол,full_page,star-munchkin
tainted,Tainted /,,full_page,call-of-cowthulhu
take-a-flesh-wound,Take a Flesh Wound,Кость не задета,full_page,munchkin-legends
take-me-take-me,Take Me! Take Me!,Выбери меня!,full_page,clerical-errors
take-off-five-years-for-training,Take Off Five Years For Training,Пять Долгих Лет Усердных Тренировок,full_page,munchkin-fu
take-the-good-with-the-bad,Take the Good with the Bad,Нет худа без добра,full_page,half-horse-will-travel
talking-car,Talking Car,Говорящая тачка,full_page,super-munchkin
talking-potion,Talking Potion,Зелье Болтливости,full_page,the-need-for-steed
tall-hot-girl,Tall Hot Girl /,,full_page,munchkin-the-guild
tannenbomb,Tannenbomb /,,full_page,munchkin-naughty-nice|naughty-nice
tar-and-feathers,Tar and Feathers /,,full_page,beating-a-dead-horse
tarantula,Tarantula /,,full_page,beating-a-dead-horse
target-practice,Target Practice,Тренируйся на банках,full_page,munchkin-cthulhu
targeting-array,Targeting Array,Система Наведения,full_page,star-munchkin
tastes-like-chicken,Tastes Like Chicken! /,,full_page,munchkin-conan
tastes-like-chicken-0,Tastes Like Chicken,На вкус как курица,full_page,armed-and-dangerous
tasty-pie,Tasty Pie,Ароматерный пирог,full_page,clerical-errors
tattoo-removal,Tattoo Removal /,,full_page,pants-macabre
tavern-of-the-dead,Tavern of the Dead /,,full_page,hideous-hideouts
tax-man,Tax Man,Налоговик,full_page,munchkin-zombies
tchoo-tchoo-people,Tchoo-Tchoo People,Кочугарный люд,full_page,munchkin-cthulhu
team-spirit,Team Spirit,,set_listing_only,munchkin-undead
tear-gas,Tear Gas,Слезоточивый газ,full_page,apocalypse|munchkin-apocalypse
techno,Techno,Технарь,full_page,super-munchkin|the-narrow-s-cape
technobabble,Technobabble,Технобредни,full_page,the-clown-wars
teddy-bear,Teddy Bear,Плюшевый мишка,full_page,unnatural-axe
teen-werewolf,Teen Werewolf /,,full_page,munchkin-tricky-treats
teeny-tiny-tim,Teeny Tiny Tim /,,full_page,reindeer-games
teeny-weeny,Teeny Weeny /,,full_page,the-unspeakable-vault
teflon-coated,Teflon-Coated,С Тефлоновым Покрытием,full_page,cheat-with-both-hands
tele-visual-reception-apparatus,Tele-Visual Reception Apparatus,Телевизионный сигналоприёмный прибор,full_page,munchkin-steampunk
telegraph-your-punch,Telegraph Your Punch,Напал столбняк,full_page,munchkin-steampunk
telemarketer,Telemarketer,Телефонный спамер,full_page,de-ranged
telepathic,Telepathic,Телепатический,full_page,the-clown-wars
teleport,Teleport!,Телепорт!,full_page,demented-dungeon|demented-dungeons
teleportation,Teleportation,Телепортация,full_page,super-munchkin
telescope,Telescope,Телескоп,full_page,sheep-impact
telescope-gun-cop,Telescope Gun Cop /,,full_page,axe-cop|munchkin-axe-cop
television,Television,Телепривидение,full_page,cheat-with-both-hands
telezapinator,Telezapinator,Дально-застрелитель,full_page,super-munchkin
tell-the-president,Tell The President,Расскажи президенту,full_page,munchkin-cthulhu
temporary-amnesia,Temporary Amnesia,Временная амнезия,full_page,clerical-errors
temporary-respite,Temporary Respite,Временное затишье,full_page,apocalypse|munchkin-apocalypse
ten-gallon-hat,Ten-Gallon Hat /,,full_page,the-good-the-bad-and-the-munchkin
ten-inch-tacks,Ten Inch Tacks /,,full_page,pants-macabre
tengu,Tengu,Тэнгу,set_listing_only,munchkin-pathfinder
tentacle,Tentacle,Щупальце,full_page,munchkin-cthulhu
tentacle-demon,Tentacle Demon,Щупальцестый демон,full_page,unnatural-axe
tequila-mockingbird,Tequila Mockingbird,Упитый пересмешник,full_page,clerical-errors
tergiversation,Tergiversation /,,full_page,pants-macabre
terrorize-entire-city,Terrorize Entire City,Терроризируй весь город,full_page,munchkin-bites
teuton-horn,Teuton Horn,Тевтонский рог,full_page,munchkin-legends
thak,Thak /,,full_page,munchkin-conan
thar-be-blood-in-th-water,Thar Be Blood in th' Water!,Кровавый прибой!,full_page,munchkin-booty
that-gecko-on-the-telly,That Gecko on the Telly,Геккон по ящику,full_page,half-horse-will-travel
that-turns-into-a-giant-snake,...That Turns Into A Giant Snake /,,full_page,munchkin-conan
thaug,Thaug /,,full_page,munchkin-conan
the-abdominal-snowman,The Abdominal Snowman,Снегодяй,full_page,munchkin-legends
the-annual-bath,The Annual Bath /,,full_page,the-good-the-bad-and-the-munchkin
the-anti-chris,The Anti-Chris,Враг православия,full_page,sheep-impact
the-arch-foe,The Arch-Foe,Архивраг,full_page,the-narrow-s-cape
the-big-boss,The Big Boss,Большой босс,full_page,super-munchkin
the-big-chase-scene,The Big Chase Scene,,set_listing_only,monky-business
the-black-spot,The Black Spot /,,full_page,jump-the-shark
the-bodiless,The Bodiless,Бестельники,full_page,munchkin-cthulhu
the-borrower-from-beneath,The Borrower From Beneath,Подзаёмщик из подземелья,full_page,munchkin-cthulhu
the-botanical-guardian,The Botanical Guardian,Ботанический гад,full_page,the-narrow-s-cape
the-brothers-grimm,The Brothers Grimm,Братья Гримм,full_page,de-ranged
the-burning-deck,The Burning Deck /,,full_page,terrible-tombs
the-chameleon,The Chameleon,Хамелеон,full_page,the-narrow-s-cape
the-cheese-of-evil,The Cheese of Evil,Сыр Зла,full_page,the-clown-wars
the-chosen-one,The Chosen One,Избранный,full_page,apocalypse|munchkin-apocalypse
the-churninator,The Churninator /,,full_page,call-of-cowthulhu
the-claw,The Claw,Клешня,full_page,the-clown-wars
the-cowl,The Cowl,Косова,full_page,super-munchkin
the-cruller-out-of-space,The Cruller Out Of Space,Круассасин извне,full_page,munchkin-cthulhu
the-darkness,The Darkness,Тьма,full_page,munchkin-bites
the-dead-sea-trolls,The Dead Sea Trolls,Мёртвоморские тролли,full_page,clerical-errors
the-dragon-lady,The Dragon Lady,Владычица Драконов,full_page,munchkin-fu
the-dreamlands,The Dreamlands /,,full_page,crazed-caverns
the-dungeon-casino,The Dungeon Casino,Казино подземейцев,full_page,clerical-errors
the-dunwich-snorer,The Dunwich Snorer,Храпун Данвича,full_page,munchkin-cthulhu
the-dweller,The Dweller /,,full_page,conan-the-barbarian
the-eighth-dwarf,The Eighth Dwarf,Восьмой гном,set_listing_only,munchkin-princesses
the-ether-bunny,The Ether Bunny,Эфирный кролик,full_page,the-need-for-steed
the-evil,The Evil /,,full_page,pants-macabre
the-evil-eye,The Evil Eye,Око Зла,full_page,the-need-for-steed
the-ex-men,The Ex-Men,Экс-парни,full_page,the-narrow-s-cape
the-eyeful-tower,The Eyeful Tower,Глазейфелева башня,full_page,munchkin-steampunk
the-eyes-of-texas,The Eyes of Texas /,,full_page,beating-a-dead-horse
the-faceless-army,The Faceless Army,Войско безликих,full_page,super-munchkin
the-fairy-godfather,The Fairy Godfather,Крёстный фей,full_page,the-need-for-steed
the-fandom-menace,The Fandom Menace,Фэндомная угроза,full_page,super-munchkin
the-fickle-finger-of-fate,The Fickle Finger of Fate,Переменчивый перст провидения,full_page,munchkin-legends
the-flasher,The Flasher,Маячило,full_page,super-munchkin
the-fleshreaper,The Fleshreaper /,,full_page,munchkin-penny-arcade|penny-arcade
the-four-horsies-of-the-apocalypse,The Four Horsies of the Apocalypse,Четыре коняшки Апокалипсиса,full_page,apocalypse|munchkin-apocalypse
the-ghost-of-george-washington,The Ghost of George Washington,Призрак Джорджа Вашингтона,full_page,apocalypse|munchkin-apocalypse
the-god-in-the-bowl,The God in the Bowl /,,full_page,munchkin-conan
the-gods-reward-lameness,The Gods Reward Lameness,Боги помогают убогим,full_page,demented-dungeon|demented-dungeons
the-goose-that-lays-the-golden-eggs,The Goose That Lays The Golden Eggs,"Гусыня, которая несёт золотые яйца",full_page,munchkin-legends
the-green-knight,The Green Knight,Зелёный рыцарь,full_page,munchkin-legends
the-grim-roper,The Grim Roper /,,full_page,the-good-the-bad-and-the-munchkin
the-gyroscopic-pharaoh,The Gyroscopic Pharaoh,Гироскопичный фараон,full_page,munchkin-steampunk
the-hand-of-fate,The Hand of Fate,Рука судьбы,full_page,de-ranged
the-hare-of-babylon,The Hare of Babylon,Вавилонский кролюха,full_page,apocalypse|munchkin-apocalypse
the-house-of-cards,The House of Cards /,,full_page,terrible-tombs
the-impersonator,The Impersonator,Подражатель,full_page,super-munchkin
the-kevinator,The Kevinator /,,full_page,munchkin-the-guild
the-king-in-pink,The King in Pink,Король в розовом,full_page,munchkin-cthulhu
the-last-laugh,The Last Laugh,Кто смеётся последним,full_page,munchkin-promo
the-light-that-evildoers-fear,The Light That Evildoers Fear,"Источник света, разгоняющий зло",full_page,super-munchkin
the-little-death,The Little Death /,,full_page,pants-macabre
the-loan-arranger,The Loan Arranger /,,full_page,the-good-the-bad-and-the-munchkin
the-man,The Man,Начальник,full_page,munchkin-hipsters
the-mighty-germ,The Mighty Germ,Могучий микроб,full_page,unnatural-axe
the-mole,The Mole /,,full_page,munchkin-impossible
the-monkey-house,The Monkey House /,,full_page,terrible-tombs
the-most-fiendish-trap-of-all,The Most Fiendish Trap Of All!,Ловушка! Самая гнусная ловушка из всех!,full_page,the-clown-wars
the-occasionally-reliable-amulet,The Occasionally Reliable Amulet,Временами надёжный амулет,full_page,clerical-errors
the-office-down-the-hall,The Office Down the Hall /,,full_page,hideous-hideouts
the-old-fashioned-way-that-nobody-knows,The Old Fashioned Way That Nobody Knows /,,full_page,axe-cop|munchkin-axe-cop
the-old-mine-shaft,The Old Mine Shaft /,,full_page,the-good-the-bad-and-the-munchkin
the-old-world-is-gone,The Old World Is Gone,Старого мира больше нет,full_page,munchkin-bites
the-other-ring,The Other Ring,Другое Кольцо,full_page,clerical-errors
the-prim-reaper,The Prim Reaper /,,full_page,munchkin-tricky-treats
the-professor,The Professor,Профессор,full_page,the-clown-wars
the-punster,The Punster,Острослов,full_page,super-munchkin
the-queen-of-england,The Queen Of England /,,full_page,axe-cop|munchkin-axe-cop
the-shadow-nose,The Shadow Nose,Теневой Нос,full_page,unnatural-axe
the-slippery-swap,The Slippery Swap /,,full_page,munchkinomicon
the-smoke-that-strangles,The Smoke That Strangles /,,full_page,munchkin-conan
the-snerks,The Snerks,Шнурки,full_page,de-ranged
the-spaminator,The Spaminator,Спаминатор,full_page,super-munchkin
the-stars-are-confused,The Stars Are Confused,Смятение звёзд,full_page,munchkin-cthulhu
the-stars-are-right,The Stars Are Right,Порядок звёзд,full_page,munchkin-cthulhu
the-stars-are-wrong,The Stars Are Wrong,Беспорядок звёзд,full_page,munchkin-cthulhu
the-stork,The Stork,Аист,full_page,munchkin-legends
the-thawed-reich,The Thawed Reich,Гитлеровские разморозки,full_page,sheep-impact
the-three-munchketeers,The Three Munchketeers,Три манчкитёра,full_page,de-ranged
the-tinfoil-chef,The Tinfoil Chef,Безумный повар,full_page,the-narrow-s-cape
the-trapmaster,The Trapmaster,Мастер ловушек,full_page,the-narrow-s-cape
the-universe-hates-you,The Universe Hates You!,Весь мир против тебя,full_page,munchkin-bites
the-unpronounceable-evil,The Unpronounceable Evil,Невыговариваемое зло,full_page,munchkin-cthulhu
the-vaults-of-omigoshgolli,The Vaults of Omigoshgolli /,,full_page,munchkinomicon
the-wicked-witch-of-the-midwest,The Wicked Witch of the Midwest,Злая ведьма Среднего Запада,full_page,munchkin-legends
the-wight-stuff,The Wight Stuff,,set_listing_only,munchkin-undead
the-world-of-munchkin,The World of Munchkin /,,full_page,terrible-tombs
the-wraith-of-khan,The Wraith of Khan,Призрак Хана,full_page,de-ranged
theme-music,Theme Music,Тема Героя,full_page,cheat-with-both-hands
theo-d’olite,Theo D’Olite,Тео Д’Олит,full_page,munchkin-steampunk
there-can-be-only-one-and-its-me,"There Can Be Only One, and It's Me",Единственный и неповторимый,full_page,de-ranged
thesaurus,Thesaurus,Тезаурус,full_page,munchkin-bites
thicker-ichor,Thicker Ichor,Двойной гной,full_page,munchkin-cthulhu
thief,Thief,Вор,full_page,clerical-errors|munchkin|munchkin-conan|munchkin-legends|the-need-for-steed|unnatural-axe
thief-hireling,Thief Hireling,Вор-наёмничек,full_page,the-need-for-steed
thigh-boots,Thigh Boots,Ботфорты,full_page,munchkin-booty
thing-man-was-not-meant-to-know,Thing Man Was Not Meant To Know,"Существо, о котором не должны были знать мужчины",full_page,star-munchkin
thing-with-a-name-so-long-theres-no-room-for-a-picture-on-the-card,Thing With A Name So Long There's No Room For A Picture On the Card,"Тварь с таким длинным именем, что для картинки не хватило места на карте",full_page,unnatural-axe
this-path-is-closed-to-you,This Path Is Closed to You,Этот путь не для тебя,full_page,munchkin-legends
this-way-you-fools,"This Way, You Fools! /",,full_page,crazed-caverns
thog-the-ancient,Thog the Ancient /,,full_page,munchkin-conan
thorncrown-of-iomedae,Thorncrown of Iomedae,Терновый венец Иомедэй,set_listing_only,munchkin-pathfinder
thor’s-hammer,Thor’s Hammer,Молот Тора,full_page,munchkin-legends
thousand-year-egg,Thousand-Year Egg,Тысячелетнее Яйцо,full_page,munchkin-fu
threaten-to-switch-system,Threaten To Switch System,Угрожай сменить систему,full_page,clerical-errors
three-eyed-mutant,Three-Eyed Mutant,Трёхглазый мутант,full_page,apocalypse|munchkin-apocalypse
three-handed-sword,Three-Handed Sword,Трёхручный меч,full_page,de-ranged
three-more-wimpy-thugs,Three More Wimpy Thugs,Ещё трое подонков,full_page,the-narrow-s-cape
three-wise-guys,Three Wise Guys /,,full_page,santas-revenge
three-years-of-dirt,Three Years of Dirt,Три года в грязи по уши,full_page,munchkin-booty
three-years-of-hair,Three Years of Hair /,,full_page,jump-the-shark
three-years-of-ick,Three Years of ICK,Три года в грязи по колено,full_page,munchkin-booty
throwing-hat,Throwing Hat /,,full_page,munchkin-impossible
throwing-stars,Throwing Stars,Метательные Звезды,full_page,munchkin-fu
throwing-yourself-into-it,Throwing Yourself Into It /,,full_page,munchkinomicon
thrown-into-the-arena,Thrown Into the Arena!,Весь вечер на арене,full_page,munchkin-legends
tht-whch-hs-n-vwls,Tht Whch Hs N Vwls,Сщств бз глснх,full_page,munchkin-cthulhu
thumbtacks,Thumbtacks,Кнопки,full_page,munchkin-zombies
thunderbird,Thunderbird /,,full_page,the-good-the-bad-and-the-munchkin
thunderbolt,Thunderbolt,Громомолния,full_page,munchkin-legends
tiamutt,Tiamutt,Тявмат,full_page,apocalypse|munchkin-apocalypse
tiara-of-blinding,Tiara of Blinding,Ослепительная тиара,set_listing_only,munchkin-princesses
tidal-wave,Tidal Wave! /,,full_page,jump-the-shark
tidal-wave-0,Tidal Wave,Катастрофа! Бурный прилив,full_page,apocalypse|munchkin-apocalypse
tie-die,Tie Die /,,full_page,munchkin-easter-eggs
tiger-ghost,Tiger Ghost,Тигр-Призрак,full_page,munchkin-fu
tiger-shark,Tiger Shark /,,full_page,fish-ships
tiger-steed,Tiger Steed,Верховая тигра,full_page,the-need-for-steed
tiger-tattoo,Tiger Tattoo,,set_listing_only,monky-business
tikbalang,Tikbalang,Тикбаланг,full_page,half-horse-will-travel
time-flies,Time Flies,Неуловимо летящее время,full_page,munchkin-steampunk
time-warp,Time Warp,Петля Времени,full_page,star-munchkin
tindaloo,Tindaloo /,,full_page,the-unspeakable-vault
tinfoil-hat,Tinfoil Hat,Шапочка из фольги,full_page,unnatural-axe
tinfoil-socks,Tinfoil Socks,Носочки из фольги,full_page,apocalypse|munchkin-apocalypse
tinsel,Tinsel /,,full_page,reindeer-games
tiny-biting-robots,Tiny Biting Robots /,,full_page,axe-cop|munchkin-axe-cop
tiny-but-advanced-creatures,Tiny But Advanced Creatures,"Крохотные, но Высокоразвитые Существа",full_page,star-munchkin
tiny-hands,Tiny Hands,Крохотные ручки,full_page,unnatural-axe
tips-to-survive-the-zombie-apocalypse,Tips to Survive the Zombie Apocalypse,Справочник по выживанию среди зомби,full_page,munchkin-zombies
tire-iron,Tire Iron,Монтажка,full_page,apocalypse|munchkin-apocalypse
titan-of-industry,Titan of Industry,Титан индустрии,full_page,munchkin-steampunk
titanic,Titanic,Титанический,full_page,munchkin-legends
titanium-reinforced-hat,Titanium Reinforced Hat /,,full_page,munchkin-impossible
toe-fu,Toe Fu,Стоп-Фу,full_page,munchkin-fu
toe-shoes,Toe Shoes,Тапки с пальцами,full_page,apocalypse|munchkin-apocalypse
tofu-tonfa,Tofu Tonfa,,set_listing_only,monky-business
tokemon,Tokemon,,set_listing_only,monky-business
tolkemec,Tolkemec /,,full_page,munchkin-conan
tom-thumb,Tom Thumb,Мальчик-с-пальчик,full_page,munchkin-legends
tomahawk,Tomahawk /,,full_page,the-good-the-bad-and-the-munchkin
tomb-dust,Tomb Dust /,,full_page,munchkin-conan
tommy-gun,Tommy Gun,"""Томми-ган""",full_page,munchkin-cthulhu
tongue-demon,Tongue Demon,Языческий демон,full_page,munchkin
tonsil-twister-of-ten-thousand-virtues,Tonsil Twister of Ten Thousand Virtues,,set_listing_only,monky-business
tool-belt,Tool Belt,Пояс для инструментов,full_page,sheep-impact
tooth-fairy,Tooth Fairy,Зубной фей,full_page,de-ranged
tooth-pick,Tooth Pick,Зуботычина,set_listing_only,munchkin-pathfinder
toothless,Toothless,Беззубый,full_page,cheat-with-both-hands
top-secret-plans,Top Secret Plans,Совершенно секретные планы,full_page,apocalypse|munchkin-apocalypse
topless-dancer,Topless Dancer,Оторва,full_page,munchkin-bites
torc-of-tchotchkes,Torc of Tchotchkes,Ожерелье из цацек,set_listing_only,munchkin-pathfinder
torchbearer-hireling,Torchbearer Hireling,Пылкий наёмничек,full_page,de-ranged
tornado,Tornado /,,full_page,the-good-the-bad-and-the-munchkin
tortoiseshell-cat,Tortoiseshell Cat,Черепаха Котилла,full_page,munchkin-kittens
tough,Tough,Стойкий,full_page,armed-and-dangerous|munchkin-zombies
toughen-yourself-with-bad-fiction,Toughen Yourself With Bad Fiction /,,full_page,pants-macabre
tourist,Tourist /,,full_page,munchkin-impossible
tourist-trap,Tourist Trap,Капкан на туриста,full_page,clerical-errors
toxic-mold,Toxic Mold,Токсичная плесень,full_page,apocalypse|munchkin-apocalypse
track-shoes,Track Shoes,Шпалетки,full_page,munchkin-steampunk
trader,Trader,Купец,full_page,star-munchkin|the-clown-wars
traditional-pirate-hat,Traditional Pirate Hat,"Настоящая, разрази меня гром, пиратсякая шляпа",full_page,munchkin-booty
traffic-sign-armor,Traffic Sign Armor,Дорожнознаковое покрытие,full_page,apocalypse|munchkin-apocalypse
traiiiiinnnnns,Traiiiiinnnnns!,Поездааааа!,full_page,munchkin-zombies
train-robber,Train Robber /,,full_page,the-good-the-bad-and-the-munchkin
trained-attack-flies,Trained Attack Flies,Дрессированные боевые мухи,full_page,armed-and-dangerous
trained-bats,Trained Bats!,Натасканный топырь,full_page,munchkin-steampunk
trained-by-a-master,Trained By A Master,Выращенный Мастером,full_page,munchkin-fu
trained-moths,Trained Moths!,Натасканная Моль!,full_page,cheat-with-both-hands
trampoline,Trampoline,Батут,full_page,the-narrow-s-cape
tranquil,Tranquil,Расслабленный,full_page,half-horse-will-travel
transferral-potion,Transferral Potion,Зелье Стрелочника,full_page,munchkin
transmogrification,Transmogrification,Преобразование,full_page,munchkin-bites
transporter-accident,Transporter Accident,Транспортный Инцидент,full_page,star-munchkin
transporter-twin,Transporter Twin,Двойник из телепорта,full_page,the-clown-wars
trap-over-your-own-chest,Trap Over Your Own Chest,Роковая запинка,full_page,clerical-errors
trash-compactor,Trash Compactor,Уплотнитель мусора,full_page,the-clown-wars
tree,Tree,Дерево,full_page,munchkin-bites
tree-mendous,Tree-Mendous,ПотрЯсень,full_page,super-munchkin
tree-surgeon,Tree Surgeon,Санитар леса,full_page,armed-and-dangerous
treerazer,Treerazer,Древотёс,set_listing_only,munchkin-pathfinder
trenchcoat,Trenchcoat,Шинель,full_page,munchkin-bites
trenchcoat-0,Trenchcoat /,,full_page,munchkin-impossible
trick-or-treater,Trick-or-Treater,,set_listing_only,munchkin-tricky-treats
trick-or-treaters,Trick or Treaters /,,full_page,pants-macabre
trick-riding-boots,Trick Riding Boots,Сапоги джигитовки,full_page,the-need-for-steed
tricky-ichor,Tricky Ichor /,,full_page,the-unspeakable-vault
tricorn-hat,Tricorn Hat,Треуголка,full_page,munchkin-booty
trident,Trident,Трезубец,full_page,munchkin-legends
trigger-volcano-beneath-enemy-town,Trigger Volcano Beneath Enemy Town,Разбуди вулкан под городом врага,full_page,the-need-for-steed
tripelgangers,Tripelgangers,Трипльгангер,set_listing_only,munchkin-pathfinder
triple-agent,Triple Agent /,,full_page,munchkin-impossible
triple-barreled-shotgun,Triple-Barreled Shotgun,Трёхстволка,full_page,munchkin-cthulhu
triplicate-twit,Triplicate Twit,Тройной тупица,full_page,super-munchkin
trojan-horse,Trojan Horse,Троянский конь,full_page,unnatural-axe
troubled-soul,Troubled Soul,Беспокойная душа,full_page,sheep-impact
truculent,Truculent /,,full_page,the-unspeakable-vault
truly-obnoxious-curse,Truly Obnoxious Curse!,Невыносимо гнусное Проклятие!,full_page,munchkin
tsotha-lanti,Tsotha-lanti /,,full_page,munchkin-conan
tsuchigumo,Tsuchigumo,,set_listing_only,monky-business
tu-phat,Tu Phat,Пу Зян,full_page,munchkin-fu
tuba-of-charm,Tuba of Charm,Чарующая дуда,full_page,munchkin
tumbleweed,Tumbleweed /,,full_page,the-good-the-bad-and-the-munchkin
tumescent,Tumescent /,,full_page,the-unspeakable-vault
tunnel-of-tsathoggua,Tunnel of Tsathoggua /,,full_page,crazed-caverns
turanian-helm,Turanian Helm /,,full_page,munchkin-conan
turtle-kung-fu,Turtle Kung Fu,Кунг-Фу Черепахи,full_page,munchkin-fu
turtle-steed,Turtle Steed,Вьючная черепаха,full_page,the-need-for-steed
tuwasso,Tuwasso /,,full_page,axe-cop|munchkin-axe-cop
tv-preacher,TV Preacher,Телепроповедник,full_page,apocalypse|munchkin-apocalypse
tweed-jacket,Tweed Jacket,Твидовый пиджак,full_page,munchkin-cthulhu
tweet-your-last-words,Tweet Your Last Words,Вбей свой последний твит,full_page,apocalypse|munchkin-apocalypse
tweezers-of-terror,Tweezers of Terror,Пинцет Террора,full_page,unnatural-axe
twenty-gallon-hat,Twenty-Gallon Hat /,,full_page,the-good-the-bad-and-the-munchkin
twitching,Twitching /,,full_page,call-of-cowthulhu
two-goblins,Two Goblins,Двугоблин,set_listing_only,munchkin-pathfinder
two-handed-flashlight,Two-Handed Flashlight,Двуручный фонарик,full_page,munchkin-cthulhu
two-handed-sword,Two-Handed Sword,Двурукий меч,full_page,clerical-errors
two-headed,Two-Headed,Двуглавый,full_page,de-ranged
two-headed-space-elvis,Two-Headed Space Elvis,Двухголовый космический Элвис,full_page,the-clown-wars
two-hour-monolog,Two-Hour Monolog,Двухчасовой монолог,full_page,the-narrow-s-cape
tycoon,Tycoon,Воротила,full_page,munchkin-steampunk
typecast,Typecast,Заложник типажа!,full_page,de-ranged
typographical-error,Typographical Error,Типаграфская ошибка,full_page,clerical-errors
ubbo-sathlas-underworld,Ubbo-Sathla's Underworld /,,full_page,crazed-caverns
ugly-little-idol,Ugly Little Idol,Уродливый Мелкий Идол,full_page,munchkin-fu
ugly-stepsister,Ugly Stepsister,Сводная сестра-уродка,set_listing_only,munchkin-princesses
ultimate,Ultimate /,,full_page,monster-enhancers
ultra-munchkin,Ultra Munchkin,Ультра Манчкин,full_page,cheat-with-both-hands
ultra-rare,Ultra-Rare,Ультра Редкий,full_page,cheat-with-both-hands
ultra-violet,Ultra Violet,Ультрафиалка,full_page,the-clown-wars
umbrella,Umbrella /,,full_page,munchkin-impossible
umbrella-0,Umbrella,"Зонтек, Inc",full_page,munchkin-zombies
unbelievably,Unbelievably,Невероятный,full_page,cheat-with-both-hands
uncorked,Uncorked,Раскупорка,full_page,half-horse-will-travel
undead,Undead,Андед,full_page,apocalypse|cheat-with-both-hands|clerical-errors|munchkin-apocalypse|munchkin-bites|munchkin-legends|munchkin-pathfinder|unnatural-axe
undead-0,Undead,Андед,full_page,apocalypse
undead-clowns,Undead Clowns,Клоундеды,full_page,de-ranged
undead-horse,Undead Horse,Конь андедный,full_page,munchkin
undead-ringer,Undead Ringer,Би-зомби,full_page,munchkin-zombies
undercover-agent,Undercover Agent /,,full_page,munchkin-impossible
underdressed,Underdressed,В неглиже,full_page,clerical-errors
underwear-on-the-outside,Underwear On The Outside,Трусы поверх всего,full_page,super-munchkin
undignified-retreat,Undignified Retreat,Позорное бегство,full_page,apocalypse|munchkin-apocalypse
undo-top-button,Undo Top Button,Расстегнутая Пуговка,full_page,star-munchkin
unfashionable,Unfashionable!,Немодно!,full_page,munchkin-steampunk
unflappable-butler,Unflappable Butler,Безукоризненный дворецкий,full_page,the-narrow-s-cape
unhappy-meal,Unhappy Meal /,,full_page,pants-macabre
unholy-metamorphosis,Unholy Metamorphosis /,,full_page,munchkin-penny-arcade|penny-arcade
uni,Uni- /,,full_page,axe-cop|munchkin-axe-cop
uni-baby,Uni-Baby /,,full_page,axe-cop|munchkin-axe-cop
unicorn-horn,Unicorn Horn /,,full_page,axe-cop|munchkin-axe-cop
unicorn-steed,Unicorn Steed,Покорный единорог,full_page,half-horse-will-travel
unicycle-built-for-two,Unicycle Built For Two,Тандемный моноцикл,full_page,sheep-impact
united-i-stand,United I Stand /,,full_page,munchkinomicon
unmasked,Unmasked!,Маски сорваны!,full_page,super-munchkin
unnameable,Unnameable,Неименуемый,full_page,munchkin-cthulhu
unnatural-axe,Unnatural Axe,Дикий топор,full_page,unnatural-axe
unnatural-compulsion,Unnatural Compulsion /,,full_page,munchkinomicon
unnecessary-roughness,Unnecessary Roughness,Необоснованная грубость,full_page,unnatural-axe
unplugged,Unplugged! /,,full_page,munchkin-the-guild
unspeakable,Unspeakable /,,full_page,monster-enhancers
unspeakable-riches,Unspeakable Riches,Несказанные богатства,full_page,munchkin-cthulhu
unspeakably-awful-indescribable-horror,Unspeakably Awful Indescribable Horror,Невыразимо жуткий неописуемый ужас,full_page,munchkin
unwelcome-enlightenment,Unwelcome Enlightenment,Несвоевременное озарение,full_page,munchkin-cthulhu
upload-shakycam-video,Upload Shakycam Video,Залей любительское видео,full_page,apocalypse|munchkin-apocalypse
urban-cammo,Urban Cammo,Городской камуфляж,full_page,apocalypse|munchkin-apocalypse
urban-cannibal,Urban Cannibal,Городской людоед,full_page,munchkin-bites
used-car-dealer,Used Car Dealer,Машинатор,full_page,munchkin-zombies
used-steed-salesman,Used Steed Salesman,Торговец подержанными скакунами,full_page,de-ranged
uss-secondprize,USS Secondprize /,,full_page,space-ships
utility-girdle,Utility Girdle,Полезнющий пояс,full_page,super-munchkin
vacuum-pressure-pulsator,Vacuum Pressure Pulsator,Вакуумный пульсатор,full_page,munchkin-steampunk
valentiny,ValenTINY,Валюсенький,full_page,munchkin-valentines
valkyries,Valkyries,Валькирии,full_page,munchkin-legends
valuable-advice-from-the-internet,Valuable Advice From the Internet,Ценный совет через Интернет,full_page,apocalypse|munchkin-apocalypse
valuable-coupon,Valuable Coupon,Купон,full_page,cheat-with-both-hands
vampibrella,Vampibrella /,,full_page,pants-macabre
vampire,Vampire,Упырь,full_page,munchkin-bites|pants-macabre
vampire-hunter,Vampire Hunter,Охотница на упырей,full_page,munchkin-bites
vampire-man-baby-kid,Vampire Man Baby Kid /,,full_page,axe-cop|munchkin-axe-cop
vandal-sandals,Vandal Sandals /,,full_page,munchkin-conan
vanished-into-legend,Vanished Into Legend,Ушёл в легенду,full_page,munchkin-legends
vanity-plates,Vanity Plates,Блатные номера,full_page,de-ranged
vast-horrible-glyphs-graven-on-the-walls,"Vast, Horrible Glyphs Graven On The Walls /",,full_page,crazed-caverns
vegan,Vegan,Веганка,full_page,armed-and-dangerous
velocirapture,Velocirapture!,Катастрофа! Велосцапатор,full_page,sheep-impact
venomous,Venomous,Ядовитый,full_page,munchkin-bites
very-depressed,Very Depressed,Крайне подавленный,full_page,clerical-errors
very-holy-book,Very Holy Book,Пресвятая Книга,full_page,unnatural-axe
vesper’s-rapier,Vesper’s Rapier,Рапира Веспера,set_listing_only,munchkin-pathfinder
vessel-of-natohk,Vessel of Natohk /,,full_page,munchkin-conan
vibrating-virus-grenade,Vibrating Virus Grenade,Вибровирусная граната,full_page,star-munchkin
vibrosword,Vibrosword,Вибромеч,full_page,star-munchkin
vicious-guard-dogs,Vicious Guard Dogs /,,full_page,munchkin-impossible
victrola,Victrola /,,full_page,the-unspeakable-vault
viking-duck,Viking Duck,Викингская утка,full_page,munchkin-legends
viking-kittens,Viking Kittens,Котята-викинги,full_page,munchkin-booty
vile-chemicals,Vile Chemicals,Жуткие химикаты,full_page,super-munchkin
vintage,Vintage,Винтажный,full_page,munchkin-hipsters
virgins-tears,Virgins' Tears,Слёзы девственницы,full_page,munchkin-bites
visit-farmer’s-market,Visit Farmer’s Market,Посети фермерский рынок,full_page,munchkin-hipsters
visit-the-attic,Visit the Attic /,,full_page,the-good-the-bad-and-the-munchkin
visit-the-blood-bank,Visit the Blood Bank,Посети банк крови,full_page,munchkin-bites
visit-the-museum,Visit the Museum,Загляни в музей,full_page,munchkin-zombies
visit-the-necropolis,Visit the Necropolis,,set_listing_only,munchkin-undead
visit-weapon-store,Visit Weapon Store /,,full_page,axe-cop|munchkin-axe-cop
visited-by-future-self,Visited By Future Self,Визит Тебя из Будущего,full_page,star-munchkin
volcano,Volcano,Катастрофа! Извержение вулкана,full_page,apocalypse|munchkin-apocalypse
voodoo-doll,Voodoo Doll,Кукла Вуду!,full_page,de-ranged
voodoo-hoodoo,Voodoo Hoodoo! /,,full_page,jump-the-shark
voodoo-zombie,Voodoo Zombie,Вуду-Зомби,full_page,armed-and-dangerous|munchkin-zombies
vorpal-blade,Vorpal Blade,Ворпал-клинок,full_page,clerical-errors
wail-shark,Wail Shark /,,full_page,jump-the-shark
waira,Waira,,set_listing_only,monky-business
walk-the-plank,Walk the Plank!,Прогулка по доске!,full_page,munchkin-booty
walked-through-cement,Walked Through Cement,Вляпался в цемент,full_page,armed-and-dangerous
walking-in-circles,Walking In Circles,Ходим кругами,full_page,demented-dungeon|demented-dungeons
walking-in-circles-0,Walking in Circles /,,full_page,hideous-hideouts
walrus,Walrus /,,full_page,jump-the-shark
wand-of-dowsing,Wand of Dowsing,Штырь лозоходца,full_page,munchkin
wand-of-walloping,Wand Of Walloping,Жезл взбучки,full_page,munchkin-cthulhu
wander-for-ten-years,Wander For Ten Years,Десятилетние блуждания,full_page,munchkin-legends
wandering-monster,Wandering Monster,Бродячая тварь,full_page,apocalypse|armed-and-dangerous|axe-cop|beating-a-dead-horse|call-of-cowthulhu|cheat-with-both-hands|clerical-errors|de-ranged|faun-and-games|its-a-dungeon-crawl|jump-the-shark|marvel-edition|monky-business|moops-monster-mashup|munchkin|munchkin-adventure-time|munchkin-apocalypse|munchkin-axe-cop|munchkin-bites|munchkin-booty|munchkin-christmas-lite|munchkin-conan|munchkin-cthulhu|munchkin-fu|munchkin-impossible|munchkin-legends|munchkin-oz|munchkin-pathfinder|munchkin-steampunk|munchkin-the-nightmare-before-christmas|munchkin-zombies|myth-prints|pants-macabre|sheep-impact|star-munchkin|super-munchkin|the-clown-wars|the-good-the-bad-and-the-munchkin|the-narrow-s-cape|the-need-for-steed|the-unspeakable-vault|unnatural-axe
wannabe-supervillain,Wannabe Supervillain,Закос под суперзлодейку,full_page,sheep-impact
wannabe-vampire,Wannabe Vampire,Закос под вампира,full_page,munchkin
war-bonnet,War Bonnet /,,full_page,the-good-the-bad-and-the-munchkin
war-boots,War-Boots /,,full_page,munchkin-conan
war-fan,War Fan,Боевое Дуло,full_page,munchkin-fu
war-paint,War Paint /,,full_page,the-good-the-bad-and-the-munchkin
wardrobe-malfunction,Wardrobe Malfunction,Гардеробные проблемы,full_page,super-munchkin
warranty-expires,Warranty Expires! /,,full_page,monster-enhancers
warrior,Warrior,Воин,full_page,clerical-errors|munchkin|munchkin-conan|munchkin-legends|the-need-for-steed|unnatural-axe
warrior-0,Warrior /,,full_page,axe-cop|munchkin-axe-cop
warrior-hireling,Warrior Hireling,Воин-наёмничек,full_page,the-need-for-steed
wasabi-mouthwash,Wasabi Mouthwash,,set_listing_only,monky-business
wash-the-gms-car,Wash The GMs Car,Вымой машину мастера,full_page,unnatural-axe
watch-japanese-monster-movies,Watch Japanese Monster Movies,Зацени японское кино про монстров,full_page,half-horse-will-travel
water-elemental,Water Elemental /,,full_page,jump-the-shark
water-slide,Water Slide /,,full_page,jump-the-shark
water-torture,Water Torture,,set_listing_only,monky-business
water-walking-shoes,Water Walking Shoes,,set_listing_only,monky-business
waterspout,Waterspout!,Водяной смерч!,full_page,munchkin-booty
we-come-in-peace-speech,We Come In Peace Speech,"Речь ""Мы Пришли с Миром""",full_page,star-munchkin
weapon-becomes-evil,Weapon Becomes Evil,Озлобившееся оружие,full_page,munchkin-cthulhu
weapon-gaki,Weapon Gaki,Гаки Оружия,full_page,munchkin-fu
weapon-of-mast-destruction,Weapon of Mast Destruction /,,full_page,jump-the-shark
weather-control-helmet,Weather Control Helmet /,,full_page,axe-cop|munchkin-axe-cop
weathervane,Weathervane,Золотой петушок,full_page,armed-and-dangerous
weepy,Weepy /,,full_page,pants-macabre
welcome-our-new-alien-andor-robot-overlords,Welcome Our New Alien And/Or Robot Overlords,Поприветствуем наших новых хозяев–пришельцев и/или роботов!,full_page,sheep-impact
well-meaning,Well-Meaning,С благими намерениями,full_page,the-narrow-s-cape
wen-yen,Wen Yen,Кон Йен,full_page,munchkin-fu
were-all-friends-here,We're All Friends Here,Мы же друзья?,full_page,munchkin-bites
were-hamster,Were-Hamster,Хорромяк,full_page,munchkin-bites
were-muskrat,Were-Muskrat,Выхухолак,full_page,munchkin-bites
were-penguin,Were-Penguin /,,full_page,pants-macabre
were-turtle,Were-Turtle,Черепаха-оборотень,full_page,unnatural-axe
werewolf,Werewolf,Волколак,full_page,munchkin-bites|pants-macabre
western-onion-telegram,Western Onion Telegram /,,full_page,the-good-the-bad-and-the-munchkin
wexter,Wexter /,,full_page,axe-cop|munchkin-axe-cop
whalebone-corset,Whalebone Corset,Китовый корсет,full_page,munchkin-steampunk
whangdoodle,Whangdoodle /,,full_page,beating-a-dead-horse
what-is-best-in-life-leveling-up,What Is Best In Life? Leveling Up! /,,full_page,munchkin-conan
whatever-woman,Whatever Woman,Чё-то женщина,full_page,super-munchkin
wheel-of-misfortune,Wheel of Misfortune /,,full_page,conan-the-barbarian
whine-at-the-gm,Whine at the GM,Поплачься мастеру,full_page,munchkin
whispering-tyrant,Whispering Tyrant,Шепчущий тиран,full_page,munchkin-pathfinder
whistling-ninja,Whistling Ninja,Свистящий ниндзя,full_page,the-narrow-s-cape
white-elephant,White Elephant /,,full_page,santas-revenge
white-lightning,White Lightning /,,full_page,the-good-the-bad-and-the-munchkin
whiz-kid,Whiz Kid,Юный Гений,full_page,star-munchkin
wicked,Wicked,Злой,full_page,munchkin-princesses
wight-at-the-end-of-the-tunnel,Wight at the End of the Tunnel,Андед в конце туннеля,full_page,munchkin-bites
wight-brothers,Wight Brothers,Бледные братья,full_page,munchkin
wight-club,Wight Club /,,full_page,terrible-tombs
wild-bill-hiccup,Wild Bill Hiccup /,,full_page,the-good-the-bad-and-the-munchkin
wimpy-thugs,Wimpy Thugs,Подонки,full_page,super-munchkin
win-the-rodeo,Win The Rodeo /,,full_page,the-good-the-bad-and-the-munchkin
win-the-tournament,Win The Tournament,,set_listing_only,monky-business
wind-up-skull,Wind-Up Skull,Заводной черепок,full_page,munchkin-bites
wind-up-teeth,Wind-Up Teeth,Заводные зубы,full_page,armed-and-dangerous
wine-of-the-gods,Wine of the Gods,Богмотуха,full_page,munchkin-legends
wing-wong,Wing Wong,,set_listing_only,monky-business
winged-armor,Winged Armor,Крылатые доспехи,full_page,super-munchkin
winged-sandals,Winged Sandals,Крылатые сандалики,full_page,super-munchkin
winning-smile,Winning Smile,Улыбка победителя,full_page,armed-and-dangerous
wino,Wino,Алкаш,full_page,munchkin-zombies
winter-witch,Winter Witch,Зимняя колдунья,set_listing_only,munchkin-pathfinder
wire-fu,Wire Fu,Трос-Фу,full_page,munchkin-fu
wishing-ring,Wishing Ring,Хотельное кольцо,full_page,armed-and-dangerous|beating-a-dead-horse|call-of-cowthulhu|clerical-errors|de-ranged|half-horse-will-travel|jump-the-shark|monky-business|munchkin|munchkin-bites|munchkin-booty|munchkin-cthulhu|munchkin-fu|munchkin-legends|munchkin-pathfinder|munchkin-steampunk|munchkin-zombies|pants-macabre|super-munchkin|the-good-the-bad-and-the-munchkin|the-narrow-s-cape|the-need-for-steed|the-unspeakable-vault|unnatural-axe
wishing-well,Wishing Well /,,full_page,call-of-cowthulhu
witch,Witch,Колдун,full_page,munchkin-pathfinder
witch-doctor,Witch Doctor,Ведьмедичка,full_page,munchkin-legends
witchs-brew,Witch's Brew,,set_listing_only,munchkin-tricky-treats
with-a-bayonet,... With A Bayonet,… со штыком,full_page,apocalypse|munchkin-apocalypse
with-a-big-whistle,With a Big Whistle,С громким свистком,full_page,munchkin-zombies
with-a-double-barreled-shotgun,With a Double-Barreled Shotgun,С двустволкой,full_page,munchkin-zombies
with-a-lawnmower,With a Lawnmower,С газонокосилкой,full_page,munchkin-zombies
with-a-shotgun,With a Shotgun,С дробовиком,full_page,munchkin-zombies
with-a-shrieking-band-of-degraded-zugite-cultists,...With A Shrieking Band of Degraded Zugite Cultists /,,full_page,munchkin-conan
with-a-truck-of-ninjas,...With a Truck of Ninjas /,,full_page,axe-cop|munchkin-axe-cop
with-a-yule-log,... With a Yule Log /,,full_page,reindeer-games
with-bagpipes,...With Bagpipes,…с волынкой,full_page,the-need-for-steed
with-built-in-firestarter,... With Built-In Firestarter,… со встроенным зажигателем,full_page,apocalypse|munchkin-apocalypse
with-extra-cheese,...With Extra Cheese,C тройным сыром,full_page,cheat-with-both-hands
with-gobs-of-goblins,... With Gobs of Goblins,... с толпой гоблинов,full_page,munchkin-pathfinder
with-his-midget-clone,With His Midget Clone /,,full_page,munchkin-impossible
with-improved-special-effects,With Improved Special Effects,С продвинутыми спецэффектами,full_page,the-clown-wars
with-lots-of-lovelyloot,... With Lots of LovelyLoot,... с огроменной кучей золота,full_page,munchkin-promo
with-rinaldo-the-bard,...With Rinaldo the Bard /,,full_page,munchkin-conan
with-spiky-bits,With Spiky Bits,С Шипами,full_page,cheat-with-both-hands
with-the-power-of-science,With the Power of SCIENCE!,Вооружённый силой науки!,full_page,armed-and-dangerous
with-unlimited-ammo,With Unlimited Ammo /,,full_page,the-good-the-bad-and-the-munchkin
with-visible-wires,With Visible Wires,На Оголенных Проводах,full_page,munchkin-fu
wizard,Wizard,Волшебник,full_page,clerical-errors|munchkin|munchkin-conan|munchkin-legends|the-need-for-steed|unnatural-axe
wizard-hireling,Wizard Hireling,Волшебник-наёмничек,full_page,the-need-for-steed
woefully-unprepared,Woefully Unprepared,Чудовищно неподготовленный,full_page,sheep-impact
wok,Wok,Вок,full_page,munchkin-fu
wolf-steed,Wolf Steed,Ручной волк,full_page,the-need-for-steed
wolfsbane,Wolfsbane,Волчанка,full_page,munchkin-bites
wolfskin-armor,Wolfskin Armor /,,full_page,pants-macabre
wom-bat,Wom Bat,Вомбатопырь,full_page,munchkin-bites
women-in-black,Women In Black /,,full_page,munchkin-impossible
won-ton-destruction,Won Ton Destruction,БессМюслинный Погром,full_page,munchkin-fu
wonder-drug,Wonder Drug,Дивная дурь,full_page,munchkin-steampunk
wooden-boots,Wooden Boots,Деревянные башмаки,full_page,munchkin-booty
wooden-leg,Wooden Leg,Деревяшка,full_page,munchkin-booty
work-out-in-danger-room,Work Out In Danger Room,Тренируйся в Зале Смерти,full_page,the-narrow-s-cape
work-to-get-a-head,Work To Get A Head /,,full_page,munchkin-conan
worminator,Worminator,Червинатор,full_page,star-munchkin
wraith,Wraith,Гневидение,full_page,munchkin-bites
wreck-the-tavern,Wreck the Tavern /,,full_page,munchkin-conan
wrist-radio,Wrist Radio,Радио-браслет,full_page,super-munchkin
write-a-poem,Write a Poem,Напиши любовный стих,set_listing_only,munchkin-valentines
write-your-characters-life-story,Write Your Character's Life Story,Напиши биографию своего персонажа,full_page,de-ranged
wrong,Wrong,,set_listing_only,monky-business
wyatt-urp,Wyatt Urp /,,full_page,the-good-the-bad-and-the-munchkin
wyrm-hole,Wyrm Hole,,set_listing_only,dragons-trike
x-ray-specs,X-Ray Specs,Рентгеночки,full_page,star-munchkin
x-rayser,X-Rayser,Рентгеназер,full_page,the-clown-wars
xaltotun-of-python,Xaltotun of Python /,,full_page,munchkin-conan
xmas-lights,Xmas Lights,Новогодняя гирлянда,full_page,munchkin-zombies
xmas-stocking,Xmas Stocking /,,full_page,waiting-for-santa
xqwzzmp,Xqwzzmp,Ксшъгззмп,full_page,the-clown-wars
xxx-wing,XXX-Wing /,,full_page,space-ships
yak-yak-yak,Yak Yak Yak,Як-цуп-цоп,full_page,the-need-for-steed
yakuza,Yakuza,Якудза,full_page,monky-business|munchkin-fu
yang-fang,Yang Fang,,set_listing_only,monky-business
yarmulke-of-religious-obfuscation,Yarmulke of Religious Obfuscation,Ермолка религиозного мракобесия,full_page,munchkin-bites
yarpman,Yarpman,Тошнот,full_page,super-munchkin
yay-decay,Yay Decay!,Доешь молодёжь!,full_page,munchkin-zombies
ye-saved-me-life,Ye Saved Me Life!,Ты спас меня!,full_page,munchkin-booty
yee-ha,Yee Ha,Йии Ха,full_page,munchkin-fu
yee-haw,Yee-HAW! /,,full_page,the-good-the-bad-and-the-munchkin
ygo,Ygo /,,full_page,the-unspeakable-vault
yin-yang-unbalancer,Yin-Yang Unbalancer,,set_listing_only,monky-business
yo-ho-ho-ho,Yo Ho Ho Ho!,Йо-хо-хо-хо!,full_page,munchkin-booty
yo-yo-man,Yo-Yo Man /,,full_page,axe-cop|munchkin-axe-cop
yogzotot,Yogzotot /,,full_page,the-unspeakable-vault
yoo-hoo-fu,Yoo Hoo Fu,,set_listing_only,monky-business
yothga,Yothga /,,full_page,munchkin-conan
you-annoyed-conan,You Annoyed Conan! /,,full_page,munchkin-conan
you-are-no-gentleman,You Are No Gentleman!,Ты не джентльмен!,full_page,munchkin-steampunk
you-are-no-lady,You Are No Lady!,Ты не леди!,full_page,munchkin-steampunk
you-are-unworthy,You Are Unworthy,Ты недостоин!,full_page,munchkin-legends
you-are-weak-and-civilized,You Are Weak And Civilized! /,,full_page,munchkin-conan
you-can-be-on-my-team,You Can Be On My Team! /,,full_page,axe-cop|munchkin-axe-cop
you-fired-a-stupid-weapon,You Fired A Stupid Weapon! /,,full_page,axe-cop|munchkin-axe-cop
you-got-blood-on-you,You Got Blood On You! /,,full_page,axe-cop|munchkin-axe-cop
you-insulted-the-gods,You Insulted the Gods,Ты оскорбил богов,full_page,munchkin-legends
you-killed-it-you-eat-it,"You Killed It, You Eat It /",,full_page,munchkin-penny-arcade|penny-arcade
you-killed-my-brother-revenge-will-be-mine,You Killed My Brother! Revenge Will Be Mine!,,set_listing_only,monky-business
you-look-good-enough-to-eat,You Look Good Enough To Eat,Ты так аппетитно выглядишь!,full_page,munchkin-bites
you-smell-like-worcestershire-sauce,You Smell Like Worcestershire Sauce!,Пропах вустерским соусом,full_page,munchkin-steampunk
you-spied-on-a-goddess,You Spied on a Goddess,Не подглядывай за богинями!,full_page,munchkin-legends
youd-lose-your-head-if-it-werent-screwed-on,You'd Lose Your Head if It Weren't Screwed On,А голову ты не забыл?!,full_page,munchkin-zombies
youll-take-away-my-toy-when-you-pry-it-from-my-cold-dead-hands,"You'll Take Away My Toy When You Pry It From My Cold, Dead Hands",На Чужой Каравай Рот Не Разевай,full_page,cheat-with-both-hands
your-computer-tries-to-kill-you,Your Computer Tries To Kill You! /,,full_page,space-ships
your-dead-buddy,Your Dead Buddy /,,full_page,beating-a-dead-horse
your-feet-are-dragon,Your Feet Are Dragon /,,full_page,munchkin-dragons
your-nemesis,Your Nemesis,Твой заклятый варг,full_page,super-munchkin
your-old-character,Your Old Character /,,full_page,pants-macabre
your-old-mentor-gone-mad,Your Old Mentor Gone Mad!,Твой старый наставник свихнулся!,full_page,the-narrow-s-cape
your-own-pancreas-andor-spleen,Your Own Pancreas andor Spleen,Родные внутренности,full_page,munchkin-zombies
your-powers-have-grown,Your Powers Have Grown!,Твои силы растут!,full_page,munchkin-bites|pants-macabre
your-shoes-untied,Your Shoe's Untied!,У тебя шнурок развязался!,full_page,unnatural-axe
you‘re-not-so-special,You‘re Not So Special!,Не такой уж ты и особенный!,full_page,half-horse-will-travel
yuetshi-knife,Yuetshi Knife /,,full_page,munchkin-conan
yuki-onna,Yuki-Onna,,set_listing_only,monky-business
yule-be-sorry,Yule Be Sorry! /,,full_page,santas-revenge
yum-yum,Yum Yum! /,,full_page,the-unspeakable-vault
yuppie-water,Yuppie Water,Яппиток,full_page,munchkin
zaboos-mom,Zaboo's Mom /,,full_page,munchkin-the-guild
zamoran,Zamoran /,,full_page,munchkin-conan
zamoran-slavers,Zamoran Slavers /,,full_page,munchkin-conan
zathoth,'Zathoth /,,full_page,the-unspeakable-vault
zingaran-ghoul,Zingaran Ghoul /,,full_page,munchkin-conan
zogar-sag,Zogar Sag /,,full_page,munchkin-conan
zombees,Zombees,Мрутни,full_page,the-need-for-steed
zombie,Zombie,"""Зомби""",full_page,munchkin-zombies
zombie-baby,Zombie Baby,Зомбёнок,full_page,armed-and-dangerous
zombie-bureaucrat,Zombie Bureaucrat,Зомбосс,full_page,munchkin-zombies
zombie-chihuahua,Zombie Chihuahua,Зомби чихуахуа,full_page,munchkin-zombies
zombie-costume,Zombie Costume,,set_listing_only,munchkin-tricky-treats
zombie-elvis-impersonator,Zombie Elvis Impersonator,Зомби-двойник Элвиса,full_page,armed-and-dangerous
zombie-gamer,Zombie Gamer,Зомби-геймер,full_page,armed-and-dangerous
zombie-gm,Zombie GM /,,full_page,munchkin-penny-arcade|penny-arcade
zombie-impersonator,Zombie Impersonator,Имитатор зомби,full_page,armed-and-dangerous
zombie-minion,Zombie Minion,Миньон-зомби,full_page,munchkin-bites
zombie-minions,Zombie Minions /,,full_page,axe-cop|munchkin-axe-cop
zombie-plague,Zombie Plague,Катастрофа! Нашествие зомби,full_page,apocalypse|munchkin-apocalypse
zombie-santa,Zombie Santa,Зомби Санта,full_page,munchkin-zombies
zombie-shark,Zombie Shark,Зомби-акула,full_page,munchkin-zombies
zombieologist,Zombieologist,Зомболог,full_page,munchkin-zombies
zoning-paperwork,Zoning Paperwork,Перепланировка,full_page,the-narrow-s-cape
zoo-breakout,Zoo Breakout,Катастрофа! Побег из зоопарка,full_page,apocalypse|munchkin-apocalypse
zoomorphification,Zoomorphification /,,full_page,pants-macabre
zzzzot,Zzzzot!,Бдыдыдыщь!,full_page,munchkin-legends
…as-foretold-in-prophecy,…As Foretold in Prophecy,Упомянутый в пророчествах,full_page,sheep-impact
…of-the-end-times,…Of the End Times,Последних времён,full_page,sheep-impact
ꞌroid-rage,ꞌRoid Rage,Катастрофа! Метеоризм,full_page,sheep-impact
